"","logFC","logCPM","PValue","FDR","regulation"
"CHST9",-12.052928702966,4.15274896485468,2.87391711887381e-16,6.73801843174626e-13,"Down"
"HABP2",-11.4077851027562,3.51439256820796,2.20095301515051e-14,2.28486088066161e-11,"Down"
"HS3ST2",-9.60209920280135,4.91278265599043,1.74796536788797e-17,6.55708421904589e-14,"Down"
"DPY19L2P1",-9.2023054749394,1.37332003625652,2.28674802098914e-08,3.13073052051187e-06,"Down"
"TNF",-8.97716017621161,1.16136112069331,8.63636266073176e-08,9.68046793937681e-06,"Down"
"FUT9",-8.20475248749425,0.450833385582832,5.18874751827668e-06,0.000306686590447385,"Down"
"MGAT5B",-8.04486298027879,0.307726569351409,1.16786167600443e-05,0.000610728704898639,"Down"
"UGT2B4",-7.91212502788634,0.190164827863604,2.24823545641969e-05,0.00106936568805816,"Down"
"CHGA",7.75685569923414,0.0207259069005935,4.53238757512601e-05,0.00191322373503229,"Up"
"LGALS12",-7.65951979507525,-0.0301391963902148,7.4460653019927e-05,0.00285994981896128,"Down"
"NCAN",7.64193421125775,-0.0798106474959423,7.4460653019927e-05,0.00285994981896128,"Up"
"HAS3",-7.59611359680096,3.84019407571254,1.51432712565446e-13,1.16725579497878e-10,"Down"
"PYGM",7.52802105422481,5.19508619388668,1.75245763777817e-15,3.0708046868853e-12,"Up"
"BGN",7.49847910104169,7.45987894717992,2.28887714887425e-17,7.57604872294147e-14,"Up"
"KLRC1",-7.41980849089885,-0.234598025855812,0.000217959895379251,0.00679467332581444,"Down"
"ST8SIA1",-6.87119396488246,-0.682657561853577,0.00140897293288839,0.0291476095443739,"Down"
"FBP1",-6.77253828298941,-0.759892043108737,0.00199604498825856,0.0377902225236416,"Down"
"CHST8",-6.77253828298941,-0.759892043108737,0.00199604498825856,0.0377902225236416,"Down"
"B4GALNT2",-6.66663778752736,-0.841545194464613,0.0028638906353275,0.0490110286372393,"Down"
"GALNT9",-6.5523434953204,-0.928154637664297,0.0041656591059309,0.0640955625462472,"Down"
"PPP1R3A",6.4678894303925,2.63846991342131,4.27607803914738e-10,1.01096905539825e-07,"Up"
"MGAM2",-6.42820936642217,-1.02036244933472,0.00614930629923133,0.0850578456616145,"Down"
"ADAMTS8",6.40689215998018,3.12645549877571,7.46222200991517e-11,2.24541053623485e-08,"Up"
"NLGN4Y",-6.36895171896547,1.75036323446253,2.29911739836869e-08,3.14002516720407e-06,"Down"
"GBA3",-6.29238016344912,-1.11894407627833,0.00922395944884699,0.111786124106649,"Down"
"UGT2B17",-6.29238016344912,-1.11894407627833,0.00922395944884699,0.111786124106649,"Down"
"CST5",-6.29238016344912,-1.11894407627833,0.00922395944884699,0.111786124106649,"Down"
"DCN",6.24505127403618,6.6670120289142,8.33011847208477e-14,6.99593188516027e-11,"Up"
"CTSS",-6.12594125121261,4.76669943060386,1.38966098782611e-12,7.54051887253034e-10,"Down"
"FGF6",6.07134604555957,-1.31479769022926,0.0219001610305958,0.205829323706463,"Up"
"ACAN",6.07134604555957,-1.31479769022926,0.0219001610305958,0.205829323706463,"Up"
"MASP1",-5.97504645653579,-1.33925129935215,0.0219001610305958,0.205829323706463,"Down"
"FGF20",-5.97504645653579,-1.33925129935215,0.0219001610305958,0.205829323706463,"Down"
"CHST4",-5.97504645653579,-1.33925129935215,0.0219001610305958,0.205829323706463,"Down"
"HYAL4",-5.78567414942454,-1.4636395343264,0.0347826086956522,0.281515537977935,"Down"
"ALG9",-5.78567414942454,-1.4636395343264,0.0347826086956522,0.281515537977935,"Down"
"VCAN",-5.7291723870008,6.42323372482937,2.18011483943786e-12,1.08560072478167e-09,"Down"
"UGT3A2",-5.70558472673319,2.94053444990387,8.99610532194848e-10,1.95957475675222e-07,"Down"
"B4GALNT4",5.65306563148577,1.8545402638123,6.43492922888032e-08,7.56291793152988e-06,"Up"
"GALNT14",-5.512887812452,4.40516544212053,8.34253612637412e-11,2.47325824046643e-08,"Down"
"CRYBG3",-5.45160599646194,4.54896141785151,8.39970597531517e-11,2.47457097133513e-08,"Down"
"BCHE",-5.40663686629297,5.3440753678159,3.24334352164918e-11,1.11963004061152e-08,"Down"
"NEU4",5.4060897170583,-1.73376245932296,0.0942028985507246,0.538306377429747,"Up"
"HAPLN1",5.4060897170583,-1.73376245932296,0.0942028985507246,0.538306377429747,"Up"
"B3GALT5",-5.35011498508599,5.39136263324059,4.16326288707693e-11,1.35411930284932e-08,"Down"
"GLB1L3",-5.3106705749274,-1.75062592995173,0.0942028985507246,0.538306377429747,"Down"
"KLRF1",-5.3106705749274,-1.75062592995173,0.0942028985507246,0.538306377429747,"Down"
"HS6ST3",-5.3106705749274,-1.75062592995173,0.0942028985507246,0.538306377429747,"Down"
"COL9A2",5.28931773030418,4.77191376940108,1.03062834141948e-10,2.95879725221085e-08,"Up"
"ITGB2",-5.19848300879595,5.03179554956281,1.44763990827685e-10,3.87891666661096e-08,"Down"
"CSPG4",5.19350958265254,4.53609949287063,2.2313424943518e-10,5.7331237814923e-08,"Up"
"SPAM1",5.09264252826884,-1.90518420277828,0.161490683229814,0.751357636403041,"Up"
"FCN1",5.09264252826884,-1.90518420277828,0.161490683229814,0.751357636403041,"Up"
"SIGLEC9",5.09264252826884,-1.90518420277828,0.161490683229814,0.751357636403041,"Up"
"FCN3",-4.99780145756151,-1.91915635095465,0.161490683229814,0.751357636403041,"Down"
"SLC26A5",-4.99780145756151,-1.91915635095465,0.161490683229814,0.751357636403041,"Down"
"CLEC7A",-4.99780145756151,-1.91915635095465,0.161490683229814,0.751357636403041,"Down"
"MAG",-4.99780145756151,-1.91915635095465,0.161490683229814,0.751357636403041,"Down"
"HAS2",4.96027077203586,2.12693049283534,1.51889384787169e-07,1.51805751200519e-05,"Up"
"B3GALT2",4.8580856426817,3.9677770464204,2.51461432498593e-09,4.52060170775186e-07,"Up"
"UGT2B7",-4.79640918774604,4.09466184042835,4.17854361667098e-09,7.08200213151987e-07,"Down"
"MASP2",-4.72184555952375,1.62231264185331,1.15169263022245e-06,8.60618759760786e-05,"Down"
"CD74",-4.71911680911585,4.25179448738905,4.79673231258028e-09,8.00685799841958e-07,"Down"
"CD207",4.6916300152715,-2.09943688135,0.285714285714286,1,"Up"
"SLC2A2",4.6916300152715,-2.09943688135,0.285714285714286,1,"Up"
"HK3",4.6916300152715,-2.09943688135,0.285714285714286,1,"Up"
"PECAM1",4.6916300152715,-2.09943688135,0.285714285714286,1,"Up"
"ICAM3",4.6916300152715,-2.09943688135,0.285714285714286,1,"Up"
"CALR3",4.6916300152715,-2.09943688135,0.285714285714286,1,"Up"
"LGALS7",4.6916300152715,-2.09943688135,0.285714285714286,1,"Up"
"ABO",-4.59773698223511,-2.11030369215588,0.285714285714286,1,"Down"
"CD69",-4.59773698223511,-2.11030369215588,0.285714285714286,1,"Down"
"KLRC2",-4.59773698223511,-2.11030369215588,0.285714285714286,1,"Down"
"ST6GALNAC1",-4.59773698223511,-2.11030369215588,0.285714285714286,1,"Down"
"CD209",-4.59773698223511,-2.11030369215588,0.285714285714286,1,"Down"
"ADAMTS10",-4.59773698223511,-2.11030369215588,0.285714285714286,1,"Down"
"CST7",-4.59773698223511,-2.11030369215588,0.285714285714286,1,"Down"
"MGAT3",-4.58878719286462,3.40398130808742,3.62816375123363e-08,4.65192612676983e-06,"Down"
"CES1",4.40392794809955,0.702270936361649,5.77951239982508e-05,0.00232104980954795,"Up"
"SDC1",-4.36223381289868,5.24937516032099,1.37291694326114e-08,2.00656268780159e-06,"Down"
"SVOPL",-4.34522129528885,0.759106045088143,4.203367577386e-05,0.00180825145421967,"Down"
"NLGN3",4.32910084011891,2.09117374204649,1.31275642357165e-06,9.57290245350562e-05,"Up"
"SGPP2",-4.3256569595551,5.09757510036411,1.90461933063271e-08,2.67927562788431e-06,"Down"
"GAL3ST3",4.29733089035475,0.608220167132258,9.50166342382029e-05,0.00350589573242586,"Up"
"GCNT3",-4.18847608415552,3.94744192402059,9.87186513016852e-08,1.07028897689683e-05,"Down"
"FGF10",4.13431497068946,-2.3235602305462,0.523809523809524,1,"Up"
"COL10A1",4.13431497068946,-2.3235602305462,0.523809523809524,1,"Up"
"FCER2",4.13431497068946,-2.3235602305462,0.523809523809524,1,"Up"
"CLEC4G",4.13431497068946,-2.3235602305462,0.523809523809524,1,"Up"
"NT5M",4.12696945392071,4.87047275840374,5.90835351265941e-08,7.02869225800914e-06,"Up"
"PHACTR1",-4.11107018834704,3.17234690304547,4.42358054897988e-07,3.7885913837222e-05,"Down"
"CHI3L2",-4.04226224866678,-2.33108306092993,0.523809523809524,1,"Down"
"SELL",-4.04226224866678,-2.33108306092993,0.523809523809524,1,"Down"
"PRG4",-4.04226224866678,-2.33108306092993,0.523809523809524,1,"Down"
"UGT2B15",-4.04226224866678,-2.33108306092993,0.523809523809524,1,"Down"
"ESM1",-4.04226224866678,-2.33108306092993,0.523809523809524,1,"Down"
"CLEC5A",-4.04226224866678,-2.33108306092993,0.523809523809524,1,"Down"
"NDST2",-4.04226224866678,-2.33108306092993,0.523809523809524,1,"Down"
"MGAT4C",-4.04226224866678,-2.33108306092993,0.523809523809524,1,"Down"
"FUT5",-4.04226224866678,-2.33108306092993,0.523809523809524,1,"Down"
"SLC5A4",-4.04226224866678,-2.33108306092993,0.523809523809524,1,"Down"
"B3GNT5",-3.97732864603035,3.97796501705008,2.71284282793322e-07,2.49426393929696e-05,"Down"
"GYG2",3.88315853953739,3.49876475929746,6.33947654443109e-07,5.16979718374773e-05,"Up"
"FGF2",-3.88147785969483,4.93077976235626,2.40837134865549e-07,2.25110709995841e-05,"Down"
"GALNTL6",3.88004723897938,2.51791136879963,3.21775938544319e-06,0.00020481912088179,"Up"
"MRC2",3.82746107028788,7.82422905393958,1.7663290327719e-07,1.72057990832341e-05,"Up"
"HS3ST3B1",3.81007914524708,3.96458178130814,6.58741281217992e-07,5.34102494997913e-05,"Up"
"PTN",3.75784397581603,1.78040874333081,1.92961074382701e-05,0.000940062917267548,"Up"
"B3GNT3",-3.73070397722955,0.233944474309759,0.00074710593628716,0.0178462924137304,"Down"
"NOTUM",3.66514106634968,4.28564584984234,1.00143656587426e-06,7.61484244934845e-05,"Up"
"KHK",3.64051667993698,0.924256654440511,0.000168570590264378,0.00555020394592527,"Up"
"GCNT4",-3.62760480793611,4.2842428036879,1.47062706821137e-06,0.000105147032403031,"Down"
"SLC2A14",-3.55832451287312,-0.680150275610894,0.0102150537634409,0.120123481758632,"Down"
"ACHE",3.50515567081507,4.90287263455637,1.86210126253766e-06,0.000127934769159623,"Up"
"CHI3L1",3.46758208825729,8.78853964937619,1.43258407793128e-06,0.000103081935397846,"Up"
"L1CAM",-3.39054981517684,7.96414756818612,2.35352992681761e-06,0.000156908501720498,"Down"
"XYLT1",3.3623181845507,1.61164045249703,0.000101615868740781,0.00369368431406653,"Up"
"B3GNT7",3.35407905030188,1.42256659890728,0.000154728740138249,0.00522281432443858,"Up"
"ST6GALNAC2",-3.28987849806249,0.734135166665503,0.000533686413488453,0.0138323356981031,"Down"
"CLEC4E",-3.28549352020939,-0.124633673912186,0.00455057732791801,0.0689807208148217,"Down"
"LGALS4",3.26170380560039,-0.99241833536103,0.0399704909450037,0.310349048569672,"Up"
"GALNT12",-3.25848664473325,2.18374324489122,7.07692058144108e-05,0.00276535586247992,"Down"
"UGT3A1",-3.25001197444963,5.58153159447032,6.82233322895996e-06,0.000386203086982242,"Down"
"GNPTAB",-3.21758729119728,7.29832630963901,6.49626237067324e-06,0.000369977922404264,"Down"
"CLEC2L",3.21421377011628,-2.58846324667517,1,1,"Up"
"CLEC11A",3.16875291692085,4.53955629512385,1.41687591018026e-05,0.00072346815417362,"Up"
"NCEH1",-3.16745924201604,6.10473920957895,9.66692440221693e-06,0.000523530480450765,"Down"
"ST6GAL2",3.15732244836578,1.99083719665556,0.000130333155803795,0.00449094693442974,"Up"
"SLC26A9",-3.14883228877265,-0.230337130220521,0.00753089017827616,0.0980915878336623,"Down"
"EXTL1",3.13228797627632,5.16644058774135,1.35939552547939e-05,0.000697281921815857,"Up"
"S100A8",-3.127273052337,-2.5923749025982,1,1,"Down"
"SELP",-3.127273052337,-2.5923749025982,1,1,"Down"
"SFTPB",-3.127273052337,-2.5923749025982,1,1,"Down"
"UGT1A6",-3.127273052337,-2.5923749025982,1,1,"Down"
"LYZL4",-3.127273052337,-2.5923749025982,1,1,"Down"
"CSTA",-3.127273052337,-2.5923749025982,1,1,"Down"
"A4GNT",-3.127273052337,-2.5923749025982,1,1,"Down"
"MRC1",-3.127273052337,-2.5923749025982,1,1,"Down"
"SFTPA1",-3.127273052337,-2.5923749025982,1,1,"Down"
"PRG2",-3.127273052337,-2.5923749025982,1,1,"Down"
"FGF19",-3.127273052337,-2.5923749025982,1,1,"Down"
"GALNT8",-3.127273052337,-2.5923749025982,1,1,"Down"
"CLEC6A",-3.127273052337,-2.5923749025982,1,1,"Down"
"KLRK1",-3.127273052337,-2.5923749025982,1,1,"Down"
"ST8SIA3",-3.127273052337,-2.5923749025982,1,1,"Down"
"LGALS14",-3.127273052337,-2.5923749025982,1,1,"Down"
"SIGLEC1",-3.127273052337,-2.5923749025982,1,1,"Down"
"GCNT7",-3.127273052337,-2.5923749025982,1,1,"Down"
"SPACA5",-3.127273052337,-2.5923749025982,1,1,"Down"
"FGF16",-3.127273052337,-2.5923749025982,1,1,"Down"
"TNC",-3.11994427980397,10.2283411721424,1.0503032314321e-05,0.000563926646273402,"Down"
"SCD",-3.09226259042716,8.23119015945043,1.25261177907062e-05,0.00064841961542341,"Down"
"GPNMB",-3.03699071438656,8.25540515782979,1.70460454571408e-05,0.000852590161624761,"Down"
"FUT8",-3.01060066402413,6.14052189399494,2.27868284478767e-05,0.00107928623731782,"Down"
"SDF2L1",3.01053627680789,4.66999626219516,2.97274345270534e-05,0.00134897823661513,"Up"
"LIPA",-2.99446618568693,4.52303123772047,3.53033853150648e-05,0.0015641071688684,"Down"
"MGAT4A",-2.96921229120802,3.7904017145391,5.40879483666168e-05,0.00221827606898044,"Down"
"GCNT1",-2.9494909568436,3.53259148928298,6.02340211608839e-05,0.00239696473599843,"Down"
"FBXO2",2.94825594495413,3.76390355717824,5.39928656729646e-05,0.00221599165466962,"Up"
"GALK1",2.93323321395728,5.83335413441894,3.54193959461144e-05,0.00156683489818547,"Up"
"LY75",-2.93135618139486,1.16914728535996,0.000698785092395457,0.0173215587506608,"Down"
"ASAH2",-2.90581413065204,1.32671461561224,0.00057573590147332,0.0147927321643846,"Down"
"CHST6",-2.88871314607865,3.47954737127642,8.38153452336149e-05,0.00315676416395601,"Down"
"FGF5",-2.85840682369356,4.63524114632424,6.53565236958691e-05,0.00258073419778446,"Down"
"B4GALT6",-2.85544335582863,1.71660212286722,0.000405475977629826,0.0110357721677978,"Down"
"B3GNTL1",2.83163797247581,0.537325397085263,0.00341954621576441,0.056277989474948,"Up"
"HS3ST5",2.82654255350726,3.2869740427493,0.000139337032123671,0.00475461216529221,"Up"
"GCNT2",-2.80335722907773,2.86880293646918,0.000192637725854726,0.00621176630150118,"Down"
"B3GAT1",-2.80159819978687,1.0618584159077,0.00126708381916788,0.0272857020362638,"Down"
"LARGE2",2.75448958484121,-1.31786002497421,0.124959742351047,0.659849825671081,"Up"
"CLEC4D",2.75448958484121,-1.31786002497421,0.124959742351047,0.659849825671081,"Up"
"MAN1A1",-2.7534146496281,4.78580128180946,0.00011153027311116,0.00401259394993086,"Down"
"GXYLT1",-2.73961502963641,4.58051264917783,0.000119705744342188,0.00423364080979925,"Down"
"CTSH",-2.7031000804233,6.47137817803887,0.000112896662940002,0.00403594811116326,"Down"
"FGFR3",2.69443602126475,3.54359944705749,0.000202145072180013,0.00644082733097232,"Up"
"CERS1",2.69436718172558,0.867295018730413,0.00309260201601634,0.0519921191631979,"Up"
"LGALS1",2.66007044169197,7.4919093970263,0.000132995385691873,0.0045654899861644,"Up"
"MAN2A1",-2.64462565603139,5.52488012797106,0.000163301202003185,0.00545795871238383,"Down"
"DPY19L1",-2.64128134876294,5.66327907204142,0.000165476792119518,0.00546743830717848,"Down"
"UGT8",-2.62101530528221,5.97952587545339,0.000178600079937032,0.00583603246107831,"Down"
"PIGZ",2.59329369903942,1.26368714802991,0.00235169346872807,0.0427961850537587,"Up"
"HS3ST3A1",2.58178259930881,3.03865264321683,0.000473445756961277,0.0126137875466165,"Up"
"ITGB1",-2.57504178423097,9.39750214812406,0.000199958043100893,0.00640613871048445,"Down"
"SMPD3",2.57467464189122,0.569390790718448,0.0063821299081439,0.0873124405060417,"Up"
"GCK",2.56256783833353,2.19429856162353,0.000789106930232247,0.0187035627031332,"Up"
"GM2A",-2.54474185866851,2.41549413484269,0.000822131099618595,0.0192591568877763,"Down"
"CHST1",2.50711413288654,1.32312107770094,0.00293641950599323,0.0499818649801817,"Up"
"FUT1",2.48265230580545,-0.812468117981045,0.0729734211235395,0.466713052193731,"Up"
"ADAMTS15",2.47710454031812,1.89720405311935,0.00137289937899452,0.0289440521381201,"Up"
"LYG1",2.47399864501103,1.97407532938819,0.00133543207022441,0.0283292734229833,"Up"
"SLC3A1",-2.46396328771384,2.63539512071023,0.000958778862648023,0.0219039901836547,"Down"
"SLC26A1",-2.45086564799535,2.4593916758812,0.00119496222189679,0.0259711584642374,"Down"
"SPOCK2",2.44925005869933,8.14036620308325,0.00038233626840973,0.0106661772370586,"Up"
"HSPG2",-2.44808695471109,8.05186459248762,0.00038534592479079,0.0107129594081289,"Down"
"NCAM2",2.4259066068968,2.21454302080286,0.00136464573427896,0.0288258487377394,"Up"
"ST8SIA4",-2.40567173957775,2.68764940918259,0.00115900273080158,0.0253659761413746,"Down"
"B3GALT4",2.38823946494706,1.55681427472493,0.00251728480392951,0.0451530438738634,"Up"
"PMM2",-2.35773775371193,2.95292844329721,0.0011864409918178,0.025834665164889,"Down"
"UST",-2.35154417585559,3.49604354128405,0.00106681035992036,0.0237078799930326,"Down"
"GALNT16",-2.3315514245829,1.01899735891461,0.00571616871270906,0.0824303170926259,"Down"
"HPSE",-2.32298985031603,0.681333599008352,0.00815830102267552,0.104411412562564,"Down"
"GALNT6",-2.3032071166186,5.97256037825164,0.000856374847164872,0.0200032780027192,"Down"
"FGF8",2.2788166647213,-1.58362908989547,0.282608695652174,1,"Up"
"FGF7",2.27723266449373,1.81445146803959,0.00306905257738204,0.0516734049900389,"Up"
"SLC26A4",2.26827201677523,2.14845788556742,0.00277158754358725,0.0487053277608092,"Up"
"SLC26A2",-2.25846338439065,5.01671586102103,0.00116424077908462,0.025450918569663,"Down"
"MGAM",-2.25343007801695,0.199095564192369,0.0196149576707273,0.194213276997036,"Down"
"COLEC10",-2.25343007801695,0.199095564192369,0.0196149576707273,0.194213276997036,"Down"
"COLEC12",-2.25232274338467,3.72670127928206,0.00145125085521356,0.0297163152736578,"Down"
"ATRNL1",2.24695964030735,3.84264518245762,0.00142487611421409,0.0293793895458823,"Up"
"NAGLU",2.21918886576301,7.0426741972036,0.00120399573412606,0.0261271253233858,"Up"
"CLEC2B",2.19874422814824,2.59944300800274,0.00289445458702512,0.049473895855807,"Up"
"ELOVL4",-2.19443352012242,5.58748070649366,0.00146668185153352,0.0299777410475625,"Down"
"B3GNT8",2.19162408643998,1.66737491068178,0.00484732970105987,0.0724639731532779,"Up"
"COL1A1",2.17724168352087,7.19274750933335,0.00145077807586966,0.0297163152736578,"Up"
"HGSNAT",-2.1771412257225,5.65713045664479,0.00155964153324455,0.0315681544727114,"Down"
"PXYLP1",2.17313191637522,2.85064266995448,0.00294348225321377,0.0500837021185623,"Up"
"GALNT10",-2.16705662513305,6.61359133242664,0.00155830504725185,0.0315524529340822,"Down"
"HYAL3",2.15981480091568,0.781023786662513,0.0155279437440286,0.162155564938418,"Up"
"UGT2B28",-2.15806519275966,-0.922726105161687,0.0999758185423419,0.560871319397711,"Down"
"ELOVL5",-2.15370102096076,6.75806633165989,0.00164543726951403,0.0328556102619889,"Down"
"NDST1",-2.15339621421313,6.93828403951362,0.00164691294213082,0.0328734105501097,"Down"
"FN1",-2.14131188370428,10.8509381312696,0.00166405212870739,0.0331332445966865,"Down"
"SIGLEC15",-2.13854736982013,0.115326992663979,0.028743675911825,0.250135771710869,"Down"
"HS3ST1",-2.13465447394204,3.4472666071565,0.00267507783468407,0.0473792743719981,"Down"
"CD248",2.13290504220453,0.234671916760497,0.0281231456187105,0.246450908085846,"Up"
"BCAN",2.12464113631503,4.96798953819368,0.00211866096586446,0.0395406082548018,"Up"
"CLEC3B",2.12434809316057,0.599247741612407,0.0201656814153973,0.197168154224673,"Up"
"P3H3",2.11400616918222,5.69068815526042,0.00207873929303893,0.0389765349150309,"Up"
"UXS1",-2.09733070215246,7.24132959245447,0.00210626128050814,0.0393483452831715,"Down"
"ST8SIA6",-2.09645680481112,-1.59667054993223,0.282608695652174,1,"Down"
"GLT1D1",2.09031452820719,1.74156231880399,0.00627175742387733,0.0863483040088459,"Up"
"PIGF",2.08796371780188,3.90454321855449,0.00290488510445868,0.049622033983845,"Up"
"SDC3",-2.07503693147707,5.3643932963584,0.00253318970471994,0.0453660253007276,"Down"
"FUT10",-2.07321583915574,2.21199853475025,0.00590309181280144,0.0841340104393425,"Down"
"AKR1B1",-2.07088725652089,8.10297099031502,0.00232940282753906,0.0424734827293568,"Down"
"CSGALNACT1",-2.06040651382099,2.20194225056357,0.00623252592593578,0.0859343301461604,"Down"
"COG5",-2.01531577932096,5.40765425556837,0.00332854479626934,0.05500554688437,"Down"
"B3GALNT2",-2.01510477102693,3.16931539026608,0.00483128950365093,0.0723202524822916,"Down"
"ADAMTS4",-2.00810585606212,-1.01477994075551,0.137873920182766,0.708430975688436,"Down"
"CD44",-2.00670401053463,7.11731300242064,0.0031732953414988,0.0529825157102277,"Down"
"MPI",1.99391068358086,6.48540008303868,0.00339519093842771,0.0560082084181732,"Up"
"B4GALT5",-1.98986720059371,6.67497083788699,0.00346204788074268,0.0568278798720858,"Down"
"PHPT1",1.97158703810667,7.51845621805497,0.00365504076949426,0.0589806392482572,"Up"
"HAPLN2",1.9711815498096,0.314274232555481,0.0380057354751021,0.300991517163761,"Up"
"LCT",1.96536947593183,-1.73714112936262,0.43064182194617,1,"Up"
"SLC35D3",1.96536947593183,-1.73714112936262,0.43064182194617,1,"Up"
"C1GALT1",-1.96312177237846,6.63423909334775,0.00387507543517033,0.061874750187741,"Down"
"SPOCK3",1.96306050698689,1.31899704132555,0.0124341839118055,0.140156068616464,"Up"
"CD72",1.95697372294478,0.629943793827118,0.0302912486970679,0.259588527708698,"Up"
"PMM1",1.94790075390511,4.67609949586044,0.00460015112358868,0.0695888498396046,"Up"
"SHH",-1.94675253013199,1.21642534015851,0.0200702749143284,0.196508491239663,"Down"
"NDST3",-1.93856436385973,1.49195084735003,0.0155102972588591,0.16207996121846,"Down"
"DPM3",1.93216303078534,4.95021080963577,0.00483763071239606,0.0723766664599346,"Up"
"MAN1A2",-1.92364262731437,7.15162795926498,0.00456624438254227,0.0691906095951684,"Down"
"HAS1",1.91863182736197,-0.143196667630308,0.0638717177078008,0.425993519160767,"Up"
"SLC35D1",-1.91687752219888,3.88426471299182,0.00594523909917531,0.0845847430774957,"Down"
"FGF13",1.91000904740407,3.93177777393857,0.00619741768615025,0.0855956034097515,"Up"
"PIGA",-1.89893055127661,2.6993702912315,0.00826786579784694,0.105517019863699,"Down"
"GLB1L2",-1.89162910947319,1.06773074994218,0.0201570130834117,0.19711765192744,"Down"
"CHPF",1.89162655235493,8.80134788225346,0.00511878487602711,0.0759569900287895,"Up"
"DPY19L2P2",-1.89067508266693,0.950882479436985,0.0201887083948647,0.197324723409874,"Down"
"CHID1",1.88719938532622,6.52190546376725,0.00543184581116457,0.0797194919009961,"Up"
"CD83",-1.88092116934521,1.94735970417359,0.0134279891517645,0.149001823291021,"Down"
"CYB5R1",1.85779975429255,10.3854756620386,0.0058870141493703,0.0839686689913606,"Up"
"ADAMTS9",-1.85584922345096,5.20918457964665,0.00657419812707785,0.0894399309508084,"Down"
"MAN1C1",-1.8425480582991,5.49954356813726,0.00681345138173487,0.0917411093081693,"Down"
"POMK",-1.84073148584633,-1.11319833574147,0.191275790676091,0.837253789619055,"Down"
"ICAM2",-1.84073148584633,-1.11319833574147,0.191275790676091,0.837253789619055,"Down"
"IL6",-1.83384845289348,1.57409927699928,0.0198171326916133,0.194775587672382,"Down"
"M6PR",-1.82209330062012,7.55473151990613,0.00695356322940918,0.0932483435070603,"Down"
"B4GALT2",1.80881470881884,4.91035880983312,0.00815804816759763,0.104411412562564,"Up"
"ALDOC",1.79629227379194,3.30760012917973,0.0109092779192707,0.126359439942248,"Up"
"CTBS",-1.79472430708524,4.25172909013574,0.00910612022668768,0.111786124106649,"Down"
"PPP1R3F",1.78519138965192,4.828249136496,0.00892611621384906,0.111564556472029,"Up"
"FUT3",-1.78358768744523,-1.74725923266606,0.43064182194617,1,"Down"
"ARSF",-1.78358768744523,-1.74725923266606,0.43064182194617,1,"Down"
"GNPDA1",-1.78093945794174,6.98373665852238,0.00838054569052208,0.10652020001355,"Down"
"FGF11",-1.77743363452664,0.742457604743931,0.0334902018981447,0.281515537977935,"Down"
"GALNT5",-1.77674805671445,3.85359225733469,0.0102478520611848,0.120294020233134,"Down"
"TGFBR3",-1.7656144389753,1.86046041659384,0.0208790985223819,0.20297961208637,"Down"
"ANXA4",-1.75966200141223,6.76619372133676,0.00916194651461118,0.111786124106649,"Down"
"DPY19L2",-1.75345914759298,3.69219909620663,0.0117723519706941,0.134364801833466,"Down"
"USF3",-1.74527195701761,4.38879487373906,0.0111860236072561,0.128927972625295,"Down"
"PKD1L2",-1.7449766740638,0.429271915165976,0.0490757682987346,0.364595247742474,"Down"
"CHST7",1.74366653119997,1.61641717557581,0.0229431063473131,0.212998787503211,"Up"
"FBXO44",1.74204861498067,3.93945594084403,0.0115590063180602,0.132278569556829,"Up"
"SORD",-1.73049139819053,2.70830120654169,0.0169794492358115,0.173522816754428,"Down"
"PIGQ",1.72040940394198,5.78953460153557,0.0111355348882993,0.128424966720581,"Up"
"GALNT7",-1.71903137991988,8.02450793300983,0.0105882220153005,0.123326157023171,"Down"
"AGL",1.71806137229417,5.12316498454071,0.0116399464505831,0.132988456208703,"Up"
"PFKM",1.69600732242526,7.53822650646468,0.0116667242184566,0.133267337606239,"Up"
"FGFR1",-1.68641444729874,6.20575921651432,0.0125267757970345,0.141058464543393,"Down"
"GALNT1",-1.68351486134006,7.18348732864234,0.0123244875370243,0.139282303518943,"Down"
"AMDHD2",1.67554568852671,4.88255605225783,0.0140265911870293,0.150838497148613,"Up"
"NPL",-1.67436023717591,2.29467697661381,0.022190690058172,0.207407040703345,"Down"
"SPTLC1",-1.67391074640316,5.77084090601444,0.013297740824916,0.147787987058503,"Down"
"SLC2A3",1.66724796754596,6.25640713839417,0.0134415882501869,0.149121594883629,"Up"
"FGF14",-1.66287444970021,0.202663844175731,0.0741359843367163,0.472269636889244,"Down"
"B3GNT4",1.66166849677738,-0.0920116069632402,0.101168536513916,0.56564724499312,"Up"
"FGF22",1.65133782352308,-0.580041061818826,0.187025841917751,0.828617058369458,"Up"
"PGAP1",-1.65003578105301,3.95555769587903,0.0169493957383615,0.173278624418944,"Down"
"GMPPA",1.64999699691958,5.1759199303122,0.0150833819298092,0.158551619243122,"Up"
"PLPP1",1.64547502892814,5.51132337687969,0.01493759420861,0.157489879805935,"Up"
"SLC2A4",1.64360268653514,4.45862077974449,0.015896769365906,0.165218935251231,"Up"
"SGPL1",-1.64227902643297,6.32027379030693,0.014748930723612,0.155896813288783,"Down"
"OGT",-1.63709243144959,7.09109928232733,0.0148285851007657,0.156457838933993,"Down"
"COLGALT2",1.63702971832482,4.6933555843638,0.0161705071876884,0.167754105631276,"Up"
"GNE",-1.63444881214685,4.05822827047209,0.0175170675308904,0.177845460861294,"Down"
"THNSL2",1.63374999747073,5.05918501948914,0.0162825361210914,0.168512419532407,"Up"
"FUT6",1.62118011227311,-1.32092077255098,0.372946859903382,1,"Up"
"ALDOA",1.60454175716439,10.0468063862756,0.0165458574032297,0.170641284864797,"Up"
"POFUT1",-1.59130707210405,7.07149099413491,0.0177216333401116,0.179445489727324,"Down"
"STBD1",1.57477167120031,4.26088155645691,0.0214573542884116,0.205829323706463,"Up"
"SPACA3",1.5643569629345,-1.90868267625573,0.658385093167702,1,"Up"
"COL19A1",1.5604840501929,3.41401253587894,0.0246781731832217,0.22440467466818,"Up"
"ST6GALNAC6",1.53455135871319,6.69542200210636,0.0221096524940051,0.207382569792494,"Up"
"GUSB",1.53014362367387,5.14854859870953,0.0234657881026754,0.216387484554153,"Up"
"SLC2A13",-1.52977455682125,3.12132181467035,0.029297353375251,0.253882243551976,"Down"
"GALNT13",-1.52878348507136,1.49567541101491,0.0514086221098557,0.377047935023393,"Down"
"GPC2",1.52198050386448,1.75062371608597,0.0446654136233828,0.338846185651722,"Up"
"RENBP",1.51877657061879,5.6521018820552,0.0240139397471198,0.219276770848018,"Up"
"H6PD",-1.51745450027736,4.49754248116881,0.0259065426859449,0.233002354192085,"Down"
"GLB1",-1.5093155480871,6.9298041388897,0.024223838573635,0.220987544212041,"Down"
"SLC2A1",-1.49413013281085,6.46451994615014,0.0258051571732327,0.232399229990498,"Down"
"ELOVL3",1.49294483785475,-0.200554173862304,0.148529576267713,0.741678626399806,"Up"
"SLC2A8",-1.48689201656764,5.78259945780503,0.027209717220514,0.241912399791611,"Down"
"B3GAT3",1.48680758905951,7.03673347997619,0.0262828618068489,0.235645371416441,"Up"
"CEMIP",1.48313784801081,3.56476050753934,0.0322867952330579,0.273389124454096,"Up"
"STS",-1.48269388890688,6.85759619326243,0.0267603016458034,0.239201813075094,"Down"
"FUT2",1.47291136194734,2.12951631534877,0.0464621018139701,0.349095474291666,"Up"
"GPC1",1.43953426614939,10.2208613417877,0.0307750968933818,0.263013962195276,"Up"
"PKD2",-1.43660174678763,5.67199944563836,0.0325602407557328,0.275053623642746,"Down"
"THBD",1.43262061232275,3.26836305102548,0.0390139927941757,0.306891817779714,"Up"
"SLC2A10",1.43193050644448,2.88278499211795,0.0432191774718458,0.330062418181771,"Up"
"SLC17A5",-1.43068329036773,5.70681144952873,0.033080630362872,0.278676422977679,"Down"
"PFKFB2",-1.42296259008745,5.39339515535133,0.0343485661056216,0.281515537977935,"Down"
"EDEM3",-1.41942082735474,5.17578475874112,0.0353023250868197,0.284384614217646,"Down"
"SLC2A11",-1.41682659432668,6.28732135578173,0.0342953636626275,0.281515537977935,"Down"
"MANEA",-1.41235853613277,2.40834354557531,0.0485818454306077,0.362025143760411,"Down"
"GBGT1",1.41007346876925,0.625516630895251,0.114552197612795,0.622121223522513,"Up"
"IGF2R",-1.39298007083167,8.7019280765605,0.0365076177759152,0.291708746872427,"Down"
"B3GAT2",-1.38687328043091,-0.168169668787444,0.180371559600513,0.815279749249631,"Down"
"SFTPA2",-1.38352321211883,-1.91566875952022,0.658385093167702,1,"Down"
"CHST5",-1.38352321211883,-1.91566875952022,0.658385093167702,1,"Down"
"RFNG",1.38251403016215,5.46449857937215,0.0394553896519067,0.309769125202056,"Up"
"CES3",1.38200451643531,2.02474568683459,0.0619201157124971,0.416369860304314,"Up"
"TPI1",1.38136663605191,9.46442993239154,0.0379599352844703,0.30088288470515,"Up"
"GPCPD1",-1.37638324416462,5.00173789797746,0.0413806356461426,0.318855204510573,"Down"
"ARSB",-1.37334687871765,6.05360934415141,0.0404901234268233,0.313236105261626,"Down"
"SLC5A2",1.36382746839153,-1.44787328271627,0.521739130434783,1,"Up"
"LBP",1.36382746839153,-1.44787328271627,0.521739130434783,1,"Up"
"B4GALT7",1.3533613678091,6.23818922693944,0.0430273969428828,0.328820942357608,"Up"
"CHST15",-1.34836633077904,5.22673933417079,0.0453697299619711,0.343056882322606,"Down"
"DPY19L4",-1.34425690405023,3.33949766226409,0.0527340904990098,0.383966684561178,"Down"
"CYB5R3",-1.34191097583149,8.57286634592321,0.0437028006285981,0.333077731080941,"Down"
"RPN2",1.33941581640891,9.05233309066663,0.044012809514555,0.335034608042268,"Up"
"GAA",1.33183181804723,7.68853476995646,0.0454471130623067,0.343441257709231,"Up"
"SLC2A9",-1.3282795061319,1.54704761820472,0.0858500137603868,0.523425552528248,"Down"
"GNPNAT1",-1.32715181654474,3.29229911237586,0.0566072017080486,0.390634122260264,"Down"
"GPAA1",1.31972626435216,7.44813561519593,0.0474603245574537,0.355172895667424,"Up"
"LUM",1.31855600811944,6.00471937379541,0.0486632925771417,0.362536053226955,"Up"
"COG6",-1.30226676200177,3.94458600549531,0.055598849144359,0.390435262874008,"Down"
"COL15A1",1.30184287468117,-0.317807964513944,0.266750176205126,1,"Up"
"SLC2A5",1.29392774258206,1.23217355739504,0.0929929690585964,0.538306377429747,"Up"
"SULF2",-1.28960387416371,7.75948319323205,0.0524869316376294,0.382711825361898,"Down"
"MAN1B1",1.28686420181707,7.43677657205849,0.0530786983088034,0.385130274034566,"Up"
"ARSG",-1.28152509264874,4.11807973430739,0.0599319521017601,0.404855495388189,"Down"
"CES2",-1.27556987460476,6.73867048244874,0.055519002780916,0.390435262874008,"Down"
"SDCBP",-1.26798398248496,6.28629326320489,0.0573793229564145,0.392884075245432,"Down"
"SCD5",-1.26354626990855,4.13454853153426,0.0631494836462584,0.422314986366926,"Down"
"ARSD",-1.26151438829594,5.87120908040844,0.059019372807819,0.399772771137647,"Down"
"DSE",-1.25404558055649,4.52781681205093,0.0640326500393071,0.425993519160767,"Down"
"SLC26A6",1.24805332546904,5.55336016733971,0.062554123847481,0.419430113606217,"Up"
"SDCBP2",1.24136731529485,2.38099862755756,0.0801011435085326,0.50119423699299,"Up"
"MMP1",1.2410837907011,-0.817758388680404,0.390133159226838,1,"Up"
"FGF17",-1.24101067012323,0.501656993582907,0.146868120462719,0.738923665085543,"Down"
"GNB1",-1.22786540834502,7.77011385612542,0.0644666357417079,0.42812145952439,"Down"
"APOOL",-1.21897924840211,4.81021367528424,0.0695099827383681,0.452744208670591,"Down"
"KDSR",-1.21819094994001,5.85230238244845,0.0679234638323802,0.44489979906955,"Down"
"B3GALT6",1.21768595845847,5.13606172253491,0.069326754779444,0.452126467858662,"Up"
"CHIT1",1.21739593806074,1.64228510186671,0.10830398217668,0.595772487349651,"Up"
"HYAL1",-1.21587966683442,0.598839640643244,0.146338567327805,0.738769499817715,"Down"
"KLB",1.21424397954482,-0.582486580508703,0.352672051071238,1,"Up"
"DEGS2",1.2135693570556,0.959227579550516,0.130701155509216,0.683052226186315,"Up"
"ARSJ",-1.21309572370106,3.71686018156296,0.076257443777186,0.482995284094831,"Down"
"SMPD1",1.20559913963943,7.49199884422437,0.0694246397760877,0.452293047998226,"Up"
"ADAMTS2",1.19381108608879,2.62033479353424,0.092908773974486,0.538306377429747,"Up"
"EXTL2",-1.19207267437558,4.92082694345766,0.0759555274633848,0.481570881671797,"Down"
"ELOVL6",-1.18383921378093,5.78493835988203,0.0763463149831136,0.483286173673621,"Down"
"GLT8D1",1.17795928879461,5.54718153709725,0.078016626005182,0.491319492712078,"Up"
"SERPINC1",-1.17635560423795,-1.45733908919781,0.521739130434783,1,"Down"
"SFTPC",-1.17635560423795,-1.45733908919781,0.521739130434783,1,"Down"
"VTN",1.17417136211392,0.933660035833467,0.144316741100934,0.731252472310534,"Up"
"GNPTG",1.16837690392323,7.09008559340465,0.0784598525557436,0.492802718265118,"Up"
"FER",-1.16290105999103,3.39225342147463,0.0903217806890287,0.538306377429747,"Down"
"SDF2",1.16184845946826,5.62080997493118,0.0816929699535266,0.509233412022217,"Up"
"ST6GALNAC5",1.16146548742142,4.52361475714906,0.0856228727425942,0.522380291266728,"Up"
"LMAN2",1.15821380094598,7.68840976376718,0.0807076605431159,0.50442511952689,"Up"
"LMAN2L",1.15340052324581,5.09595113660377,0.0850478675370991,0.519548198723812,"Up"
"MGAT2",-1.15321862404195,1.09672133590921,0.155982679824079,0.751357636403041,"Down"
"DPM2",1.14012282270962,6.34190951573831,0.086604940245282,0.526827341909742,"Up"
"MANEAL",-1.13718756031641,1.53285980922922,0.140597697991222,0.719731792964706,"Down"
"GYG1",1.13283781055686,6.18658652388789,0.0885050471061836,0.535263380870362,"Up"
"CERK",1.13091012680334,5.04067254746065,0.0909125373918517,0.538306377429747,"Up"
"EXTL3",-1.12922116508906,5.93468121901324,0.0897778077076936,0.538306377429747,"Down"
"GNS",-1.12902964409781,8.50494127925388,0.0881751098462176,0.533841753382485,"Down"
"SPHK2",1.12896599729227,5.30889902264697,0.0913592873269422,0.538306377429747,"Up"
"SPHK1",1.1184270054355,3.7842435659059,0.10019769353858,0.561779993794575,"Up"
"FURIN",-1.10967040040681,7.35410343308977,0.0941100326002854,0.538306377429747,"Down"
"CERS2",-1.10415263854765,6.57283014825966,0.0963519361752451,0.548414636520824,"Down"
"SRGN",1.09749042238315,5.00436986887623,0.10076430609309,0.564074944200616,"Up"
"UTP14C",-1.09116301585085,4.73410832925695,0.105572947008122,0.584520727659156,"Down"
"NEU3",-1.09099783873222,2.96043147054236,0.120928136060143,0.648295092222579,"Down"
"OST4",1.08201111026953,7.11563913755664,0.102552636117037,0.57218981474165,"Up"
"PIGT",1.07533469992412,7.97965334289903,0.104163488660208,0.579339264942299,"Up"
"CANX",-1.07521718532025,9.53655913502866,0.103817562271924,0.577933986487925,"Down"
"FGF9",-1.07022148761197,2.39457994829504,0.141554501630838,0.723116682003237,"Down"
"POMT1",1.0700159378576,4.9903046101232,0.10994980305966,0.601708370780395,"Up"
"SLC3A2",1.06408650091957,7.76442939855477,0.107853216578982,0.59384681191366,"Up"
"IDS",-1.06092088570833,6.86825920635141,0.109507917965233,0.599990363776604,"Down"
"DPP4",-1.05887280326559,9.24997717915547,0.109108907830395,0.599518522979293,"Down"
"ASPN",1.05038027960206,-1.58689313677424,0.726708074534161,1,"Up"
"HS3ST6",1.05038027960206,-1.58689313677424,0.726708074534161,1,"Up"
"KLRD1",-1.04977829848274,-0.830977405387097,0.390133159226838,1,"Down"
"ALG10",1.04251284235957,0.683675445905704,0.202301582863787,0.872685354658267,"Up"
"MAN2B1",-1.0333154970603,6.65504201568048,0.119077585030659,0.640693883351517,"Down"
"LARGE1",-1.03163318323618,6.31781834534699,0.119826622178405,0.643370630091285,"Down"
"B3GNT9",1.03039229464053,3.1419571115707,0.136876213723681,0.70769894973976,"Up"
"ADAMTS5",-1.02431663092842,6.86960511369043,0.122038877088712,0.653316104548069,"Down"
"PAPSS2",-1.02228430528845,3.96969938846618,0.132016025395426,0.686967866497076,"Down"
"ALG1L2",1.02211126826713,0.267184187877524,0.283852862581094,1,"Up"
"NANS",1.00991177894701,5.69539821543729,0.128745806473611,0.67554533265951,"Up"
"GALNT18",1.0075872200966,1.77333334548175,0.18283273989831,0.823618240440155,"Up"
"GLA",-1.00730374977027,4.31507636568342,0.137024514693305,0.70820542089442,"Down"
"PRG3",1.00704191835246,-2.10306353247586,1,1,"Up"
"ACER1",1.00704191835246,-2.10306353247586,1,1,"Up"
"LGALS2",1.00704191835246,-2.10306353247586,1,1,"Up"
"THBS2",-1.00212814138886,5.71635026088402,0.132362980198326,0.688539570378072,"Down"
"PGM2",-0.99956602909072,5.77292754648998,0.132757240689307,0.690016365818088,"Down"
"DAD1",0.999005651424079,7.46171183177856,0.130852508296582,0.683652719530209,"Up"
"PIGS",0.998939154182381,7.14962611334629,0.131106363396151,0.684280118907153,"Up"
"DOLK",0.985155471243791,4.88304450982063,0.14123272285257,0.721931693513013,"Up"
"GNPDA2",-0.980124428877071,3.79022491673013,0.150757163036271,0.749963762407072,"Down"
"CLEC2D",-0.975955801576596,2.54940025040945,0.170956902794934,0.784566834953766,"Down"
"ST6GALNAC4",0.9701032793083,7.15089302896141,0.14239301906683,0.72633684879866,"Up"
"SLC35B3",-0.959557837911729,5.01926753677126,0.150973221536104,0.75079336936153,"Down"
"OS9",0.958148816342822,7.45420132773261,0.14705531142436,0.739600940162433,"Up"
"CTNS",-0.950815532864665,5.7649575499137,0.152934654412875,0.751357636403041,"Down"
"NAGK",0.943214012775867,6.50331484213669,0.154314459063486,0.751357636403041,"Up"
"ACTB",-0.941603767902974,10.801938997712,0.153118740265282,0.751357636403041,"Down"
"LGALS9",0.940857000426974,2.98428945109682,0.175795807197435,0.800376589950035,"Up"
"GALE",0.938985244512383,5.43703435299265,0.159325340675758,0.751357636403041,"Up"
"ADD2",0.93692223884025,0.0959983619520645,0.343208477402314,1,"Up"
"PKD1",0.936793036985113,5.47560006019016,0.15919369883513,0.751357636403041,"Up"
"APEH",0.934655091472986,7.02769075596853,0.157415623195935,0.751357636403041,"Up"
"DEGS1",-0.931614279730213,6.94902307262788,0.158852594444299,0.751357636403041,"Down"
"ALG5",0.931391579776746,4.85238136255706,0.164467476292499,0.762182541879644,"Up"
"P3H2",0.929451636131992,7.00554885436973,0.159725120186999,0.751357636403041,"Up"
"CHST13",0.928214673335213,-0.736729690797655,0.542974480501684,1,"Up"
"CTSK",0.922991839576673,0.852832092767095,0.254856682791196,1,"Up"
"GALNT11",-0.918032176568431,4.13935279124492,0.174304467053631,0.795434022876929,"Down"
"ST8SIA5",0.917188087209076,6.40805313637358,0.165473199295228,0.765897133432852,"Up"
"APOO",0.913872087617208,3.85675424848431,0.180345158706927,0.815279749249631,"Up"
"RPN1",0.906445780108565,7.53892186017969,0.169695892995427,0.7801796064188,"Up"
"SDC4",-0.90600651051781,6.5143131869308,0.170984869987751,0.784631189801074,"Down"
"DGCR2",0.899515912122304,6.58259020242749,0.173896356760399,0.794161810748364,"Up"
"MPDU1",0.897326594360228,6.75333617515211,0.174708669140897,0.796458081818774,"Up"
"CHST11",-0.895831920287092,5.52544225463259,0.177767478340815,0.806872488405205,"Down"
"EXT1",-0.890551142660341,6.08582614128208,0.179393705082516,0.812680492012566,"Down"
"NDST4",-0.886290446390823,-0.670119591078297,0.438083377666006,1,"Down"
"CLC",0.883961179616704,-1.00080968501984,0.633150091620857,1,"Up"
"FUT4",-0.880993678474427,1.94606852153368,0.221766956395028,0.936550950869996,"Down"
"B3GALNT1",-0.879881846284998,4.29050573376436,0.191891804754065,0.83916685798605,"Down"
"FBXO6",0.879015308916588,2.01854624281897,0.234472126159503,0.975274398792807,"Up"
"CHPF2",0.874403751514566,7.50445105235884,0.185085008319203,0.828617058369458,"Up"
"CHSY3",-0.874285153241105,2.45882431781725,0.225225313064463,0.948025068490929,"Down"
"CERS6",-0.866615121933726,4.71406241243828,0.194158879708654,0.846449678649282,"Down"
"HK1",0.860856171198601,6.91631244183204,0.192441738099139,0.840657104347524,"Up"
"GANAB",-0.859635751660925,8.7908874619464,0.191871541248875,0.839143459857993,"Down"
"FMOD",0.859161287941097,0.955479158824777,0.287651340752703,1,"Up"
"ITGA3",-0.857662294120367,9.90297460315657,0.192633508081487,0.841364190501994,"Down"
"RNF123",-0.857386177306584,4.84540940451234,0.198995569185182,0.862257945670801,"Down"
"SLC35B4",-0.853051059305762,4.99876016305101,0.200056002411444,0.865386777343906,"Down"
"SLC26A11",0.851217403964767,4.63261732944766,0.204283373847368,0.879151259500727,"Up"
"PGM1",0.849934139123555,7.24080957214273,0.197734451081088,0.858115056908972,"Up"
"ICAM1",-0.849633400823726,6.2917583979485,0.199093938354423,0.862577406217031,"Down"
"PIGC",0.842752067528944,4.64800585906092,0.209284585395412,0.89580361597554,"Up"
"NLGN2",0.83969912549206,4.29077386432346,0.214323671707612,0.912789788322404,"Up"
"SLC35A3",-0.838261521862246,4.74311820721232,0.211832882935098,0.904784005607639,"Down"
"GPI",0.8329026286439,8.39079323700587,0.20600637917935,0.885070852106806,"Up"
"LGALS8",-0.831042433147789,5.99446855881449,0.209556961907108,0.896833030845074,"Down"
"ANXA1",-0.828774680614973,7.10576216447488,0.209136959914898,0.895442114081278,"Down"
"GPLD1",-0.828180893476691,0.249716389850515,0.369464417756135,1,"Down"
"FUCA1",-0.826345665250833,5.87913886542604,0.212244056855545,0.905577861328833,"Down"
"CD34",-0.815560577989419,0.885761261625139,0.342552838712482,1,"Down"
"FKTN",-0.814166418069789,4.33915871708554,0.224363840989438,0.945672581920202,"Down"
"SLC35C2",0.810307673633784,5.98960474689436,0.221370069964192,0.93564729713927,"Up"
"LMAN1",-0.799052952719656,6.48554087079701,0.226568153787856,0.952196061374793,"Down"
"HSD3B7",0.792437203884887,2.66912433821983,0.26619979557234,1,"Up"
"CD302",-0.784875150349139,-0.333369527715383,0.431875402025811,1,"Down"
"ARSA",0.783000237102183,5.10732910667416,0.239766017166691,0.98968559418666,"Up"
"TRAM2",-0.782202816429679,6.02687499164163,0.23753689437436,0.985022765394916,"Down"
"CHST12",0.775358904826944,3.72179159151845,0.25560252254979,1,"Up"
"PLAUR",-0.773675948928607,3.40216767595579,0.261588080367688,1,"Down"
"PLOD2",0.771411812016622,6.92170141652488,0.242201988801088,0.99696150020837,"Up"
"DAG1",0.76875601007801,8.14626134586469,0.242785708799612,0.998981147309182,"Up"
"PLPP3",-0.761056977051343,4.58719268809983,0.257072232081551,1,"Down"
"RPL4",0.758896101145275,9.96583595827929,0.248261646842524,1,"Up"
"DSEL",0.756812173872692,5.25979309583374,0.254640125157392,1,"Up"
"NAGPA",0.755550779048927,5.03796999456402,0.255410203225191,1,"Up"
"TIMP1",0.747960713224318,7.58329560679745,0.255998658192089,1,"Up"
"MAN2C1",0.747543785124665,5.67915515194192,0.259274447502292,1,"Up"
"GYS2",-0.743196109090752,0.0809489705729689,0.454081824666901,1,"Down"
"UGCG",-0.734297562306455,7.76047035131205,0.26457822562433,1,"Down"
"B4GALNT1",-0.733744881517331,0.50632770492585,0.458420066949481,1,"Down"
"B3GNT2",-0.732389514524613,4.02149883739039,0.276929022209669,1,"Down"
"P3H1",0.73191186642154,6.9557371157079,0.266872931963619,1,"Up"
"ASGR1",0.727055953441586,-0.151513771626805,0.573301633927261,1,"Up"
"SLC37A4",-0.718248133051798,2.55288353465731,0.312712703172661,1,"Down"
"ST3GAL5",-0.716518692614881,6.5403848706669,0.277607466263601,1,"Down"
"PIGL",-0.712913355203499,1.94822284784824,0.320610916366493,1,"Down"
"PLPP2",0.711809781638249,3.63401576796362,0.29395947085818,1,"Up"
"UGDH",-0.702803156770641,3.89353261249231,0.30027219755586,1,"Down"
"SLC35B1",0.702513271734171,5.66803224835609,0.289650767125928,1,"Up"
"EPM2A",-0.700628782355936,2.82536703827852,0.318597959048503,1,"Down"
"COG4",0.696716917694869,6.43170265267292,0.291151024631945,1,"Up"
"B4GALT1",-0.69663885132258,5.25370858499953,0.295055879751889,1,"Down"
"GPC6",-0.694955729276132,6.49139468115863,0.292288474684299,1,"Down"
"NGLY1",-0.69481543534477,5.0636137870608,0.29674244288396,1,"Down"
"FBP2",-0.693031621155702,-1.00919419662003,0.633150091620857,1,"Down"
"ST3GAL6",0.691099662402391,2.08595570854346,0.331987678736213,1,"Up"
"COG1",-0.689302842278645,4.8561946528468,0.300511252257019,1,"Down"
"CHST3",-0.685952443437091,5.16658184290179,0.303143996780543,1,"Down"
"B3GLCT",0.685281028264526,3.78490431676701,0.317743155272003,1,"Up"
"GPC4",-0.684258835907123,5.69847291447132,0.301581336017977,1,"Down"
"HS6ST2",0.682642881845947,5.57958979686033,0.303656847125127,1,"Up"
"CTSD",0.675649567400663,8.89367497250598,0.303686195932898,1,"Up"
"PLA2R1",0.674758451122654,4.9534452156558,0.312336548909964,1,"Up"
"ELOVL2",0.674092824548803,-0.322252543301239,0.639220145812011,1,"Up"
"ALDOB",-0.670580858142176,-0.393808123571831,0.514813299540291,1,"Down"
"ELOVL1",0.665303006734226,6.41940326675101,0.313310040149649,1,"Up"
"SELPLG",-0.664145571096672,3.00830871836428,0.339193385255575,1,"Down"
"CERCAM",-0.663399000020355,5.79355733055334,0.316831452782918,1,"Down"
"CLGN",0.661481244534835,3.29748515438926,0.335812091717167,1,"Up"
"CHSY1",-0.660953673185554,4.60639904762369,0.320862692120769,1,"Down"
"PIGN",-0.656146741290967,4.02265160175037,0.329238059635732,1,"Down"
"GALC",-0.654603355788715,4.95504540663394,0.326589911626044,1,"Down"
"GMPPB",0.65319526833115,3.93085756389801,0.336377395521893,1,"Up"
"GALNT15",-0.653124530751361,0.635199668013497,0.494848162391078,1,"Down"
"BTBD17",0.649367766604728,-1.74051682196432,1,1,"Up"
"HK2",-0.646364694809869,4.35802675461942,0.3363482635268,1,"Down"
"CSGALNACT2",-0.643907093587493,4.95674420758441,0.334387433431363,1,"Down"
"ESD",0.640635107281096,5.33051855957755,0.335945989607388,1,"Up"
"GAPDH",0.63969684473546,11.5788079697946,0.329510949832875,1,"Up"
"MAN2A2",-0.636346615190378,5.55798059731493,0.336513600180853,1,"Down"
"PIGV",0.635959869699462,4.37860831695923,0.344222371138862,1,"Up"
"ST3GAL3",0.630479500551557,4.2192414970446,0.34758271084287,1,"Up"
"LFNG",-0.630292903419548,4.56126956900968,0.346096571749909,1,"Down"
"LAMP2",-0.624104054634682,7.38417675626611,0.342696579249292,1,"Down"
"LYG2",-0.623904807620218,1.1024991057546,0.447594595782017,1,"Down"
"IDUA",0.621911381325798,4.79988439251955,0.352248559022301,1,"Up"
"CHST2",-0.612298480548993,3.75744944262526,0.363821972272039,1,"Down"
"SLC35D2",-0.610011024939082,4.51657098310522,0.361684978466845,1,"Down"
"ALG1",0.608818731977802,4.17417213118771,0.367682104464621,1,"Up"
"ALG11",-0.607677301344385,2.75098244865814,0.392995684270985,1,"Down"
"HABP4",0.598463397834181,5.57318633818018,0.365088474068225,1,"Up"
"MADCAM1",0.597948378292157,3.46325528553141,0.376320142730305,1,"Up"
"CLEC4A",-0.59529174196779,-0.273220352617716,0.545915011108221,1,"Down"
"PIGX",-0.588609433095954,4.0207567127634,0.38103879791487,1,"Down"
"FGFR2",-0.578988930147287,1.99843903890699,0.439326097893055,1,"Down"
"FGF18",-0.577397833837367,0.888342877274578,0.51377569375888,1,"Down"
"UGP2",0.576474167999298,7.58254318584884,0.380362670164532,1,"Up"
"MGAT1",0.575941255079557,6.77665897093121,0.381731992511976,1,"Up"
"ATRN",-0.573991026423348,6.40341367323618,0.384012085723425,1,"Down"
"ENGASE",0.572891191046035,5.16038509557082,0.389067565358422,1,"Up"
"GXYLT2",-0.565054396613727,5.49617946054392,0.393624395503846,1,"Down"
"GAL3ST1",0.563158540360881,1.50430190954618,0.465843153025717,1,"Up"
"ANXA9",-0.56275729731202,2.2693789070171,0.442542875137114,1,"Down"
"HYAL2",0.562542097960119,4.73880792492817,0.399825327698536,1,"Up"
"FKRP",-0.562114966617432,4.38005315264401,0.401322801559284,1,"Down"
"SGMS2",-0.557804476882766,4.76329489246531,0.404334776477462,1,"Down"
"RACK1",0.552590002275203,9.54967511983037,0.399376861384096,1,"Up"
"DPAGT1",-0.551695721410073,5.00786099487651,0.407647219183783,1,"Down"
"GLCE",-0.551037757265562,4.2310504290514,0.413441287396548,1,"Down"
"PIGP",0.545578555123838,5.06808173939949,0.412226121689289,1,"Up"
"TGDS",-0.545367123175749,2.7867942979706,0.441132464450046,1,"Down"
"CHODL",0.542608473190797,0.901218381568493,0.51377569375888,1,"Up"
"GYS1",0.541199660935,8.65519966991174,0.40938521417804,1,"Up"
"GFPT1",-0.540657727851875,6.16014252485046,0.412472442716171,1,"Down"
"MGAT4B",-0.536188505995587,8.11345732519053,0.41399327847443,1,"Down"
"FGF1",0.536014354040123,3.27082965998336,0.435525882816125,1,"Up"
"COG2",0.532460318417686,6.16252486076103,0.420569040780018,1,"Up"
"SLC35A1",-0.530590705756625,2.88049680424331,0.446155098692934,1,"Down"
"ST8SIA2",-0.526445349910526,2.34678715778402,0.466269319197214,1,"Down"
"MDK",0.526332098377442,7.10270775717639,0.423454613205,1,"Up"
"MOGS",0.525487777656028,6.85124579763361,0.424527209892093,1,"Up"
"TIMP3",-0.524255082022113,6.05549441133726,0.42706200118655,1,"Down"
"MAN2B2",-0.519315283108881,5.92137005062156,0.432009827121149,1,"Down"
"UGGT1",-0.514436522754627,5.96935894071601,0.436143847338083,1,"Down"
"KL",-0.512114090706365,0.63666257632204,0.609666047722183,1,"Down"
"FGFR4",0.510635014458675,5.33321791742645,0.441470327521645,1,"Up"
"SRD5A3",-0.506929754409653,2.99277632553168,0.467486063841293,1,"Down"
"NEU1",-0.504864920986804,8.58373164070896,0.441424891946836,1,"Down"
"STT3B",-0.501007072641417,7.96244911178532,0.44524618937045,1,"Down"
"LGALS3",0.500126482498327,6.23993327966998,0.448235831490885,1,"Up"
"LGALS3BP",-0.4976898211421,8.64223512700083,0.447889027091396,1,"Down"
"SLC26A8",0.494905546033725,-1.45103055509789,1,1,"Up"
"ANXA5",-0.492241360694419,9.15392097857835,0.45267305209958,1,"Down"
"XXYLT1",-0.491765020665265,5.07531416727856,0.458928625565419,1,"Down"
"B3GALT1",-0.485694790638017,1.55697209184787,0.537095088307508,1,"Down"
"SLC26A7",-0.484400871828727,0.69699135402639,0.623262902564024,1,"Down"
"CHST14",0.480979117151809,4.73750071538263,0.470966466195477,1,"Up"
"PRKCSH",0.479820751678484,8.34357111677132,0.464420528513585,1,"Up"
"PPP1R3C",-0.464671912904868,7.19618762393905,0.47949289949195,1,"Down"
"GALNT4",-0.463422011545653,-1.74388952655316,1,1,"Down"
"NLGN4X",-0.463422011545653,-1.74388952655316,1,1,"Down"
"AMY2B",0.458923024436706,1.48587550370263,0.55621686822542,1,"Up"
"ARSK",0.457738760798383,3.44349851549304,0.504611775016871,1,"Up"
"PGM3",-0.456816507932033,5.20292036004369,0.493055609986596,1,"Down"
"ALG6",0.455787233330402,1.86204113503285,0.535383319605981,1,"Up"
"XYLT2",-0.451439761626046,5.328093369567,0.496393898732214,1,"Down"
"PIGK",-0.443287137503445,5.61360164359305,0.50328454780007,1,"Down"
"ALG3",-0.442645133887117,4.97061161766942,0.506268640887938,1,"Down"
"THBS1",0.442389804336753,8.3419125546368,0.499861229277291,1,"Up"
"ALG12",-0.440950309607417,2.63563056966362,0.549499767048226,1,"Down"
"EDEM2",-0.438068923018698,5.42466850918938,0.508987384739881,1,"Down"
"CADM1",-0.436736775708955,5.99548365623297,0.508063182594709,1,"Down"
"SLC35A2",-0.436390190307237,4.69703344950295,0.512704948650652,1,"Down"
"SMC3",-0.42947624358918,5.10844904487443,0.518346353800134,1,"Down"
"MGAT5",-0.428521719002432,6.63504243911293,0.5150154793268,1,"Down"
"EDEM1",-0.426875845983875,5.2328567351912,0.519697088740911,1,"Down"
"GFPT2",-0.423014154121767,1.71126855146685,0.577675409213904,1,"Down"
"PTPRZ1",-0.422993717463006,0.50943849315026,0.712390201168114,1,"Down"
"CD1D",-0.421112113810967,0.989516877132091,0.634719431438351,1,"Down"
"FPGT",0.419113408409526,2.54500807707073,0.555781105326116,1,"Up"
"SPTLC2",-0.415824463790886,5.7236636710094,0.529868541050994,1,"Down"
"B4GALT3",0.40967859061486,5.64417382294916,0.53565454025994,1,"Up"
"PFKFB1",0.408288259496786,-1.21004033681631,1,1,"Up"
"ARSI",-0.403516334556514,1.59006151620665,0.609730995774752,1,"Down"
"CERS4",0.403296391334123,3.44265342525525,0.557595141360141,1,"Up"
"ST3GAL2",-0.40022751216654,5.58181542771182,0.546034608129638,1,"Down"
"PIGW",-0.394005681688988,4.13382231236598,0.561590935072446,1,"Down"
"SULF1",0.392945094478178,6.20463032434265,0.55125821314852,1,"Up"
"HEXA",0.38966971957956,6.88568883866632,0.553410900955101,1,"Up"
"CLEC18A",-0.383561425052014,-0.108307527031313,0.683326794010689,1,"Down"
"ASAH1",0.378827607549997,8.6696263010751,0.563121678080521,1,"Up"
"PDIA3",0.374332309150602,8.60613991669158,0.567777778930079,1,"Up"
"SGSH",-0.373996189655734,4.97929840891378,0.574590588206259,1,"Down"
"GMDS",0.37387453834474,5.52110441134633,0.571701784164706,1,"Up"
"KLRG1",0.369069720363605,0.924790636316633,0.669494528202494,1,"Up"
"COG3",-0.365811594561913,4.72727197741856,0.585090399755972,1,"Down"
"TPST1",-0.364576046448098,4.05040297948217,0.591520185004891,1,"Down"
"B4GALT4",-0.363276454494273,4.09017806253975,0.58970477223578,1,"Down"
"GALNT3",-0.357685176882813,1.81062934827964,0.662457488799049,1,"Down"
"ST6GALNAC3",-0.354043519349779,2.20146517708255,0.643787726431371,1,"Down"
"LAYN",0.351889978042355,4.46836410413181,0.60230719891355,1,"Up"
"HEXB",-0.343885008000524,6.61954881127845,0.601340273109444,1,"Down"
"PFKL",0.343213365274687,8.6011676077254,0.600338983672213,1,"Up"
"MANBA",-0.341532911917097,4.72225081779778,0.610747702729746,1,"Down"
"VCAM1",-0.337852995272607,4.13471383139251,0.619203364290308,1,"Down"
"SLC2A6",-0.33502835486357,5.77551361765509,0.612608238549926,1,"Down"
"PIGH",0.334383768909069,2.63948494711557,0.64586030756299,1,"Up"
"GTDC1",0.32878915730798,4.95409122394958,0.623631696764928,1,"Up"
"TUSC3",0.326236775256841,7.40709102217471,0.619188018521066,1,"Up"
"SLC35C1",-0.323135095829511,5.39739440731614,0.626646137812314,1,"Down"
"SPOCK1",-0.322625021398499,7.22333069768822,0.623260124768918,1,"Down"
"DPM1",0.322059049339525,6.14145631587417,0.625489350003113,1,"Up"
"TIMP2",-0.321747404169697,9.09967971626324,0.623129912703017,1,"Down"
"UGGT2",0.320868866216442,4.1908158292191,0.638300968211802,1,"Up"
"PYGL",-0.320776549222235,6.28497404120113,0.626601846065339,1,"Down"
"LCTL",0.317133284872773,-0.00270563825676274,0.898527520344665,1,"Up"
"AGA",-0.315807504036065,4.42675208289836,0.640259918769565,1,"Down"
"PLOD3",0.315387943920866,6.28638956267197,0.63239020242009,1,"Up"
"TPST2",-0.314764409129091,3.64102355570305,0.651090821489712,1,"Down"
"GLT8D2",0.31294607735541,2.2006080888146,0.688804500319852,1,"Up"
"LGALS9C",-0.306171442290011,-1.45418582768118,1,1,"Down"
"AGRN",-0.301973790830652,7.89087523900071,0.645131961179033,1,"Down"
"POMGNT1",0.299010176012604,6.49347778285228,0.649842365153464,1,"Up"
"SLC35A5",-0.297250242108988,5.44021813367359,0.653508003279124,1,"Down"
"HAPLN3",0.29625540681223,3.43210115298427,0.668520241850243,1,"Up"
"GBE1",0.294318004284637,7.12182252075271,0.654153912335749,1,"Up"
"FUCA2",-0.294308461232583,5.9850618295625,0.654895876558136,1,"Down"
"ERLEC1",0.293394808328792,5.56617211900524,0.658370259435799,1,"Up"
"EOGT",-0.288561449443787,4.55455581421355,0.668752042213466,1,"Down"
"SV2A",-0.283831244583291,3.34993531279876,0.692039429678627,1,"Down"
"GALNS",0.276142244090708,5.85457648013653,0.676061897427462,1,"Up"
"LGALSL",-0.275763875048289,3.83472570014297,0.683938156588165,1,"Down"
"CHST10",-0.275611347851242,3.14941235867953,0.697067052284097,1,"Down"
"OVGP1",-0.268201045178258,1.5918281937204,0.745802678456692,1,"Down"
"ALG14",0.264776563312673,4.0225944004881,0.69398930046847,1,"Up"
"CEL",-0.263727216564249,1.17180441896124,0.763086435077977,1,"Down"
"PIGB",0.261550647197405,2.58334038841846,0.720896150140621,1,"Up"
"ALG8",0.260776120381085,5.71855487375628,0.692849979549361,1,"Up"
"COL14A1",-0.260666274660533,7.09513970430631,0.691606891516473,1,"Down"
"RDH13",0.260072731476846,0.923521423350243,0.776274204138305,1,"Up"
"NCAM1",0.256921576383395,9.06221277684104,0.694696008534199,1,"Up"
"GPC3",0.254187012166786,0.973239299185468,0.78315617599573,1,"Up"
"PPP1R3B",-0.252858551032353,5.2855279990951,0.704878909903877,1,"Down"
"ADAMTS1",-0.248378810238683,8.37039512892286,0.704593941174566,1,"Down"
"HMMR",-0.241444431662113,0.333110547965427,0.917981859097417,1,"Down"
"PFKFB3",-0.241404231978509,4.7093401232467,0.721047063190428,1,"Down"
"ST3GAL4",-0.241259047655035,4.41681514020968,0.722974767940147,1,"Down"
"CERS5",0.240327257938555,6.38853185025803,0.71551533880906,1,"Up"
"POMGNT2",0.235640670262847,4.44237333229155,0.727818618275075,1,"Up"
"UAP1",-0.231650119221358,4.08947419303619,0.733130729701528,1,"Down"
"C1GALT1C1",0.22936041556891,4.46202108150739,0.736330844659341,1,"Up"
"CALR",0.228602576857857,9.87224855824376,0.726746581131813,1,"Up"
"ALG2",-0.22280450771964,5.65563433930902,0.736198849695101,1,"Down"
"PGM5",0.222596344004082,3.80539692262544,0.747520592076626,1,"Up"
"GAL3ST2",-0.218028046658567,-1.21300448769711,1,1,"Down"
"ANXA7",0.2116806104856,6.67563532387072,0.747911562683375,1,"Up"
"CTSA",0.20779188203087,10.1551288388376,0.750707839182646,1,"Up"
"ACER3",-0.206936778028128,3.92975385151943,0.760847018650612,1,"Down"
"PFKP",-0.204063849846999,8.8681656166797,0.755277221593804,1,"Down"
"COLGALT1",-0.203577770762948,6.17760140594919,0.75806862773202,1,"Down"
"POMT2",-0.200100015179403,6.03334266338351,0.762373630619549,1,"Down"
"LIAS",-0.199782988518964,4.15849589337785,0.769380372338802,1,"Down"
"A4GALT",-0.19963833616507,5.49047631813652,0.764678430627176,1,"Down"
"PAPSS1",-0.199200082772382,5.21999964993767,0.765558954527767,1,"Down"
"SLC35A4",0.198865609128356,6.09934372043418,0.763653403612021,1,"Up"
"G6PD",0.195528197344248,4.73645989604139,0.771787033753564,1,"Up"
"SLC2A12",-0.191222391921731,1.78541492577929,0.84018055771437,1,"Down"
"FBXO17",0.190528700658437,2.09029549046028,0.816927824241596,1,"Up"
"AOAH",-0.189324118159554,-0.328921810401478,0.876185567281955,1,"Down"
"HMGB1",-0.184662488082687,7.56678167061407,0.778489129493463,1,"Down"
"PIGU",0.184202047006722,4.55208301302697,0.789466615166118,1,"Up"
"PIGM",-0.165152200613691,4.14019655143495,0.810970572006847,1,"Down"
"CD22",-0.164293385943861,0.670742595732847,0.933711020672468,1,"Down"
"PYGB",-0.161950760562162,7.2811561305719,0.805410266830372,1,"Down"
"SLC35B2",0.159996966671585,5.91442428472227,0.808218588045385,1,"Up"
"POFUT2",0.153017069670246,5.65904422620396,0.816886167990032,1,"Up"
"ST6GAL1",-0.148498780887593,5.11992930218143,0.823799162086568,1,"Down"
"GLTP",0.141779151272421,4.59174849924071,0.83264005837571,1,"Up"
"GANC",-0.139562849793598,3.98921965546104,0.84793050919009,1,"Down"
"SERBP1",0.138183370639683,8.66723318912245,0.832932077452419,1,"Up"
"DDOST",0.137792600572711,8.54883460515908,0.833433654415522,1,"Up"
"EXT2",0.136173645538319,5.91004191936108,0.83613386361773,1,"Up"
"SIAE",0.135241803795696,4.9478007741612,0.842650365136526,1,"Up"
"FAM20B",0.129094211998499,5.42735543595936,0.849151275207223,1,"Up"
"GPC5",-0.122231788484654,-0.825690983996715,1,1,"Down"
"GBA2",-0.121211486904953,6.38762178034761,0.854786939367387,1,"Down"
"TMEM165",0.118838200697853,5.19284448848815,0.860589606583904,1,"Up"
"PLOD1",0.115277680238035,6.15896743459799,0.862198859709963,1,"Up"
"ALG10B",0.11394460689366,2.58913435603604,0.887126525346375,1,"Up"
"GALT",-0.109037296941397,3.94691804939837,0.873009598337559,1,"Down"
"FBXO27",-0.108404680095442,1.94405326711513,0.913223295019547,1,"Down"
"GBA",-0.10564599184076,7.12986042709666,0.872679536538534,1,"Down"
"COG7",0.104726743947323,3.79316750420547,0.883719636563842,1,"Up"
"PIGG",0.101821404042356,5.57511224268971,0.878163416277182,1,"Up"
"DPY19L3",-0.0980150271059984,5.33151153997108,0.884546813735655,1,"Down"
"COG8",0.0977704878739032,4.62057218716568,0.887121094571658,1,"Up"
"GAL3ST4",0.0973691685918923,0.995636549000949,0.946046742456445,1,"Up"
"GGTA1P",0.0970458073531622,0.258457844169497,0.913871392828406,1,"Up"
"FGF12",0.0958084554278935,-0.911861835032218,1,1,"Up"
"SFTPD",0.0958084554278935,-0.911861835032218,1,1,"Up"
"COLEC11",0.0954191421308953,-1.10457191525155,1,1,"Up"
"TNXB",0.0938930330363907,-1.59015473648265,1,1,"Up"
"CLEC14A",0.0938930330363907,-1.59015473648265,1,1,"Up"
"A3GALT2",0.0920527220226847,-1.91217753158381,1,1,"Up"
"ARSH",0.0920527220226847,-1.91217753158381,1,1,"Up"
"HS6ST1",-0.0911073630532195,4.38759618408269,0.894993890443611,1,"Down"
"SDC2",0.0909543768218479,7.13214564568458,0.890364937517366,1,"Up"
"CSPG5",0.0869407177792794,-2.32732428772016,1,1,"Up"
"GALNT2",0.0781588724572658,6.93321514121748,0.905978769097849,1,"Up"
"B4GALNT3",0.0720636049539208,3.50235450167784,0.918853522424994,1,"Up"
"NAGA",-0.0683840890757107,3.22607048760733,0.93884040166935,1,"Down"
"ALG13",0.0681610284986472,5.0224039411657,0.92140645868803,1,"Up"
"LAMP1",0.0680391777884868,9.25042023873683,0.917292350048211,1,"Up"
"CTSB",0.0599017952293843,8.22238254213948,0.927415565536731,1,"Up"
"SGMS1",0.056702528999012,4.23316589139808,0.932297109240276,1,"Up"
"B4GAT1",0.0535745852787394,3.93707169549234,0.939672551697445,1,"Up"
"HS2ST1",0.049058486447093,6.59273275157432,0.941547738375319,1,"Up"
"GALK2",-0.0448937827587347,3.14758439904997,0.961121968194543,1,"Down"
"ST3GAL1",-0.040276688678116,3.9449181384891,0.962515849265752,1,"Down"
"FUT11",-0.039621178496269,2.10938891707695,0.974025398353504,1,"Down"
"SPTLC3",-0.0368219801101694,3.69432860331256,0.96431452277685,1,"Down"
"CSTB",-0.0341415654962528,7.80639835040373,0.958908832482349,1,"Down"
"POGLUT1",0.0294531470064816,4.19919979322085,0.974783964228255,1,"Up"
"STT3A",-0.0229047944117144,7.79218348491668,0.972604445743236,1,"Down"
"CST3",0.0159240330521613,9.1405930395325,0.980771446421243,1,"Up"
"CMAS",-0.012404487699822,5.75626364661285,0.987052559395381,1,"Down"
"PIGO",0.0105673760430559,4.6670753209376,0.990858224453985,1,"Up"
"RFT1",-0.00562361451229878,4.35895707402669,1,1,"Down"
"GLB1L",0.00340984779089584,4.27993407986901,1,1,"Up"
"MFNG",-0.0017245547316686,1.0417613277882,1,1,"Down"
"SLC2A7",0,-2.91241423420479,1,1,"Down"
"AMY2A",0,-2.91241423420479,1,1,"Down"
"AMY1C",0,-2.91241423420479,1,1,"Down"
"CHIA",0,-2.91241423420479,1,1,"Down"
"REG4",0,-2.91241423420479,1,1,"Down"
"S100A9",0,-2.91241423420479,1,1,"Down"
"S100A12",0,-2.91241423420479,1,1,"Down"
"ITLN1",0,-2.91241423420479,1,1,"Down"
"ITLN2",0,-2.91241423420479,1,1,"Down"
"SELE",0,-2.91241423420479,1,1,"Down"
"TNR",0,-2.91241423420479,1,1,"Down"
"CLEC4F",0,-2.91241423420479,1,1,"Down"
"REG3G",0,-2.91241423420479,1,1,"Down"
"REG1B",0,-2.91241423420479,1,1,"Down"
"REG1A",0,-2.91241423420479,1,1,"Down"
"REG3A",0,-2.91241423420479,1,1,"Down"
"IL1B",0,-2.91241423420479,1,1,"Down"
"DPP10",0,-2.91241423420479,1,1,"Down"
"G6PC2",0,-2.91241423420479,1,1,"Down"
"NEU2",0,-2.91241423420479,1,1,"Down"
"UGT1A8",0,-2.91241423420479,1,1,"Down"
"UGT1A10",0,-2.91241423420479,1,1,"Down"
"UGT1A9",0,-2.91241423420479,1,1,"Down"
"UGT1A7",0,-2.91241423420479,1,1,"Down"
"UGT1A5",0,-2.91241423420479,1,1,"Down"
"UGT1A4",0,-2.91241423420479,1,1,"Down"
"UGT1A3",0,-2.91241423420479,1,1,"Down"
"UGT1A1",0,-2.91241423420479,1,1,"Down"
"AADAC",0,-2.91241423420479,1,1,"Down"
"SI",0,-2.91241423420479,1,1,"Down"
"UGT2B10",0,-2.91241423420479,1,1,"Down"
"UGT2A3",0,-2.91241423420479,1,1,"Down"
"UGT2B11",0,-2.91241423420479,1,1,"Down"
"UGT2A1",0,-2.91241423420479,1,1,"Down"
"UGT2A2",0,-2.91241423420479,1,1,"Down"
"PPBP",0,-2.91241423420479,1,1,"Down"
"PIGY",0,-2.91241423420479,1,1,"Down"
"MGAT4D",0,-2.91241423420479,1,1,"Down"
"GRIFIN",0,-2.91241423420479,1,1,"Down"
"SLC26A3",0,-2.91241423420479,1,1,"Down"
"GALNTL5",0,-2.91241423420479,1,1,"Down"
"OGN",0,-2.91241423420479,1,1,"Down"
"FCN2",0,-2.91241423420479,1,1,"Down"
"GLT6D1",0,-2.91241423420479,1,1,"Down"
"FUT7",0,-2.91241423420479,1,1,"Down"
"LYZL1",0,-2.91241423420479,1,1,"Down"
"LYZL2",0,-2.91241423420479,1,1,"Down"
"MBL2",0,-2.91241423420479,1,1,"Down"
"HPSE2",0,-2.91241423420479,1,1,"Down"
"MUC2",0,-2.91241423420479,1,1,"Down"
"MUC5AC",0,-2.91241423420479,1,1,"Down"
"FGF4",0,-2.91241423420479,1,1,"Down"
"FGF3",0,-2.91241423420479,1,1,"Down"
"B3GNT6",0,-2.91241423420479,1,1,"Down"
"TREH",0,-2.91241423420479,1,1,"Down"
"FGF23",0,-2.91241423420479,1,1,"Down"
"CLEC4C",0,-2.91241423420479,1,1,"Down"
"KLRB1",0,-2.91241423420479,1,1,"Down"
"CLEC2A",0,-2.91241423420479,1,1,"Down"
"CLEC12A",0,-2.91241423420479,1,1,"Down"
"CLEC1B",0,-2.91241423420479,1,1,"Down"
"CLEC12B",0,-2.91241423420479,1,1,"Down"
"CLEC9A",0,-2.91241423420479,1,1,"Down"
"CLEC1A",0,-2.91241423420479,1,1,"Down"
"OLR1",0,-2.91241423420479,1,1,"Down"
"KLRC3",0,-2.91241423420479,1,1,"Down"
"LALBA",0,-2.91241423420479,1,1,"Down"
"GLYCAM1",0,-2.91241423420479,1,1,"Down"
"IFNG",0,-2.91241423420479,1,1,"Down"
"LYZ",0,-2.91241423420479,1,1,"Down"
"EPYC",0,-2.91241423420479,1,1,"Down"
"KERA",0,-2.91241423420479,1,1,"Down"
"SVOP",0,-2.91241423420479,1,1,"Down"
"LMAN1L",0,-2.91241423420479,1,1,"Down"
"CERS3",0,-2.91241423420479,1,1,"Down"
"HS3ST4",0,-2.91241423420479,1,1,"Down"
"CES5A",0,-2.91241423420479,1,1,"Down"
"CLEC3A",0,-2.91241423420479,1,1,"Down"
"CLEC10A",0,-2.91241423420479,1,1,"Down"
"ASGR2",0,-2.91241423420479,1,1,"Down"
"LGALS9B",0,-2.91241423420479,1,1,"Down"
"LYZL6",0,-2.91241423420479,1,1,"Down"
"CLEC4M",0,-2.91241423420479,1,1,"Down"
"CLEC17A",0,-2.91241423420479,1,1,"Down"
"HAPLN4",0,-2.91241423420479,1,1,"Down"
"LGALS13",0,-2.91241423420479,1,1,"Down"
"LGALS16",0,-2.91241423420479,1,1,"Down"
"FGF21",0,-2.91241423420479,1,1,"Down"
"SIGLEC11",0,-2.91241423420479,1,1,"Down"
"SIGLEC7",0,-2.91241423420479,1,1,"Down"
"CD33",0,-2.91241423420479,1,1,"Down"
"SIGLEC10",0,-2.91241423420479,1,1,"Down"
"SIGLEC8",0,-2.91241423420479,1,1,"Down"
"SIGLEC12",0,-2.91241423420479,1,1,"Down"
"SIGLEC6",0,-2.91241423420479,1,1,"Down"
"SIGLEC5",0,-2.91241423420479,1,1,"Down"
"CD93",0,-2.91241423420479,1,1,"Down"
"SLC5A1",0,-2.91241423420479,1,1,"Down"
"NYX",0,-2.91241423420479,1,1,"Down"
