"gene_symbol","log2FoldChange","padj","baseMean","regulation","ensembl_id"
"KERA",6.52420964876494,8.2212323395183e-08,60.7142857142857,"Up-regulated","ENSG00000139330"
"GALNT13",6.00805908144706,3.26568324272741e-06,29.3714285714286,"Up-regulated","ENSG00000144278"
"GYG2",5.89149547825243,2.5211155210864e-08,728.428571428572,"Up-regulated","ENSG00000056998"
"LGALS12",5.67656791730851,3.23343334599867e-08,445.828571428572,"Up-regulated","ENSG00000133317"
"LGALS7",5.52113800224553,0.00012611446832283,30,"Up-regulated","ENSG00000205076"
"PRG4",5.29282940667888,2.46853627386704e-12,1976.51428571429,"Up-regulated","ENSG00000116690"
"COL1A1",5.14592509417014,2.33656698106805e-08,61727.8,"Up-regulated","ENSG00000108821"
"HAS1",4.97619311515855,9.25314334950452e-05,29.8285714285714,"Up-regulated","ENSG00000105509"
"SDC1",4.77423269497003,9.05867201300398e-06,118.514285714286,"Up-regulated","ENSG00000115884"
"KLB",4.33440471640324,1.27457933458792e-05,214.2,"Up-regulated","ENSG00000134962"
"CHI3L2",4.17315574235607,1.62547893594474e-06,151.2,"Up-regulated","ENSG00000064886"
"IFNG",4.11708713037901,0.00847810541678851,4.34285714285714,"Up-regulated","ENSG00000111537"
"TNC",4.09127474818414,7.89438152139562e-16,2494.51428571429,"Up-regulated","ENSG00000041982"
"ADAMTS2",4.07539451945587,4.24639949883792e-10,1589.8,"Up-regulated","ENSG00000087116"
"COL10A1",4.04689613861451,7.84276764902135e-05,31.4571428571429,"Up-regulated","ENSG00000123500"
"SCD",3.97567583221964,2.08655781855048e-07,11948.2571428571,"Up-regulated","ENSG00000099194"
"ITLN1",3.8752665260886,0.0378820247722197,76.5142857142857,"Up-regulated","ENSG00000179914"
"CHST13",3.87412115217488,0.000289925094211765,11.5714285714286,"Up-regulated","ENSG00000180767"
"COL19A1",3.86107787334399,1.46733221049305e-06,67.5428571428571,"Up-regulated","ENSG00000082293"
"CLEC4G",3.75610236330355,8.4772570873847e-06,29.8571428571429,"Up-regulated","ENSG00000182566"
"CHI3L1",3.73270507730436,9.98488249703418e-06,277.571428571429,"Up-regulated","ENSG00000133048"
"CRYBG2",3.63434180754494,0.00102703590528666,7.82857142857143,"Up-regulated","ENSG00000176092"
"CSTA",3.56995568383601,1.90424259514455e-05,105.971428571429,"Up-regulated","ENSG00000121552"
"FGFR2",3.52613371078549,0.000159487355061489,39.2285714285714,"Up-regulated","ENSG00000066468"
"HS3ST4",3.48398553093497,0.0302782081883909,2.77142857142857,"Up-regulated","ENSG00000182601"
"THBS1",3.48065341368985,1.49793696186925e-13,1443.97142857143,"Up-regulated","ENSG00000137801"
"COL14A1",3.45156766801673,9.11549762019446e-09,4485.62857142857,"Up-regulated","ENSG00000187955"
"CLC",3.41667198484431,0.00857443532201815,49.6857142857143,"Up-regulated","ENSG00000105205"
"B3GNT3",3.41087255084297,0.0422813029096174,2.54285714285714,"Up-regulated","ENSG00000179913"
"CHIT1",3.39587235715455,0.00027304516727199,24.9714285714286,"Up-regulated","ENSG00000133063"
"GALNT8",3.37560575994166,2.04332935809867e-07,60.1714285714286,"Up-regulated","ENSG00000130035"
"THBS2",3.36257021270782,1.11416686649749e-07,1339.17142857143,"Up-regulated","ENSG00000186340"
"OLR1",3.35700628847515,0.0142241839759156,3.57142857142857,"Up-regulated","ENSG00000173391"
"B4GALNT4",3.34567824229331,0.000537873401088856,18.2857142857143,"Up-regulated","ENSG00000182272"
"TIMP1",3.31470309773854,1.11206132089108e-08,2835.85714285714,"Up-regulated","ENSG00000102265"
"ASGR1",3.26972147415089,9.00586636726023e-06,39.2571428571429,"Up-regulated","ENSG00000141505"
"FGF17",3.2681725038009,0.000131407206773202,8.62857142857143,"Up-regulated","ENSG00000158815"
"DPP4",3.24805608933227,2.28191076532233e-07,762.028571428572,"Up-regulated","ENSG00000197635"
"ACER1",3.24585654590127,0.0489494775379625,2.31428571428571,"Up-regulated","ENSG00000167769"
"ASGR2",3.23956937244281,0.000114496862581214,30.7428571428572,"Up-regulated","ENSG00000161944"
"CTSK",3.21455280463291,1.43002543125736e-06,2686.74285714286,"Up-regulated","ENSG00000143387"
"FCN2",3.21092367629185,0.0156063636906716,14.8857142857143,"Up-regulated","ENSG00000160339"
"FCER2",3.14055285809358,6.3015246343577e-05,60.6571428571429,"Up-regulated","ENSG00000104921"
"MGAT4C",3.09228807530111,0.00854647363824042,6,"Up-regulated","ENSG00000182050"
"GPC3",3.07748988430694,1.78813040620303e-06,942.571428571428,"Up-regulated","ENSG00000147257"
"CD248",3.05202746839994,2.69241589146579e-07,4308.34285714286,"Up-regulated","ENSG00000174807"
"CLEC4D",2.99638684656634,0.0203351515430205,11.6285714285714,"Up-regulated","ENSG00000166527"
"FUT7",2.99336636737564,0.00144524848188799,32,"Up-regulated","ENSG00000180549"
"CD209",2.94285744143873,5.26136772660196e-09,307.028571428571,"Up-regulated","ENSG00000090659"
"PPBP",2.93611721050554,0.00365501649617966,171.685714285714,"Up-regulated","ENSG00000163736"
"GXYLT2",2.9141896371326,1.26108946822347e-07,162.2,"Up-regulated","ENSG00000172986"
"LUM",2.89061034402976,2.14537918776144e-06,8668.22857142857,"Up-regulated","ENSG00000139329"
"BGN",2.80855066432594,1.52684921796482e-06,4575.4,"Up-regulated","ENSG00000182492"
"ELOVL3",2.78619705007079,0.000570901732951223,19.5428571428571,"Up-regulated","ENSG00000119915"
"FGF18",2.7825212471241,3.32541957680551e-09,93.6285714285715,"Up-regulated","ENSG00000156427"
"S100A8",2.77447745032685,0.00131504194361404,1318.94285714286,"Up-regulated","ENSG00000143546"
"S100A9",2.74230481857366,0.00335252009161825,3329.91428571428,"Up-regulated","ENSG00000163220"
"MGAM2",2.74032990089919,0.0493568034090084,3.51428571428572,"Up-regulated","ENSG00000257743"
"DEGS2",2.70152396629235,2.92580038918955e-05,22.4285714285714,"Up-regulated","ENSG00000168350"
"ICAM3",2.66098194857497,0.000725321324858242,80.6285714285715,"Up-regulated","ENSG00000076662"
"GALNT6",2.65520775801348,1.60995821044431e-09,66.2285714285714,"Up-regulated","ENSG00000139629"
"GFPT2",2.6153840775349,4.16275695611448e-06,868.8,"Up-regulated","ENSG00000131459"
"HK3",2.60466742967097,4.03638442617366e-05,274.771428571428,"Up-regulated","ENSG00000160883"
"SPHK1",2.59790158321547,3.51998495129224e-06,434.085714285714,"Up-regulated","ENSG00000176170"
"SELL",2.5865522318606,0.00186215486161875,840.914285714286,"Up-regulated","ENSG00000188404"
"SIGLEC8",2.5814080117721,0.000790520640623409,19.6285714285714,"Up-regulated","ENSG00000105366"
"ST6GAL2",2.54284071959291,0.0116411929838844,8.4,"Up-regulated","ENSG00000144057"
"SIGLEC1",2.53347384019911,1.29616255939386e-07,1109.17142857143,"Up-regulated","ENSG00000088827"
"PLAUR",2.53302028777064,6.95282822919447e-07,206.4,"Up-regulated","ENSG00000011422"
"AOAH",2.52222851882391,8.96642188940564e-05,163.857142857143,"Up-regulated","ENSG00000136250"
"GALNTL6",2.5104185191338,0.00138551460501207,27.3428571428571,"Up-regulated","ENSG00000174473"
"FMOD",2.48836874486397,4.80822261572793e-06,3064.37142857143,"Up-regulated","ENSG00000122176"
"SIGLEC6",2.4783320887395,0.00153798216212654,13.4,"Up-regulated","ENSG00000105492"
"TNR",2.47802664547904,0.03085626514917,6.74285714285714,"Up-regulated","ENSG00000116147"
"HPSE2",2.47180367468856,7.92042370249794e-05,49.4,"Up-regulated","ENSG00000172987"
"VCAN",2.46439991930684,2.89402061066659e-07,2457.91428571429,"Up-regulated","ENSG00000038427"
"SELPLG",2.45657748920003,5.62275743909006e-05,562.514285714286,"Up-regulated","ENSG00000110876"
"LYZ",2.42592527789545,0.00101726457401624,2103.68571428571,"Up-regulated","ENSG00000090382"
"CST7",2.42255099783147,0.000449195368925048,107.514285714286,"Up-regulated","ENSG00000077984"
"CLEC5A",2.39317689593933,0.00666369880694615,13.7714285714286,"Up-regulated","ENSG00000258227"
"FBP1",2.38987616830402,5.42008702461342e-05,79.4,"Up-regulated","ENSG00000165140"
"ITGB2",2.38605682532048,0.000123598362796646,1516.82857142857,"Up-regulated","ENSG00000160255"
"CLEC10A",2.38278118653192,8.10687996128146e-07,308.057142857143,"Up-regulated","ENSG00000132514"
"MDK",2.34957135860082,0.000136401847951168,600.285714285714,"Up-regulated","ENSG00000110492"
"MRC1",2.34543516763088,3.19342924948452e-06,911.685714285714,"Up-regulated","ENSG00000260314"
"CD22",2.34338910435227,0.00138551460501207,126.142857142857,"Up-regulated","ENSG00000012124"
"HSD3B7",2.33490533985647,0.000116459513388473,477.942857142857,"Up-regulated","ENSG00000099377"
"GALNT5",2.32803725109595,0.00382753686599874,39.1428571428571,"Up-regulated","ENSG00000136542"
"CLEC4E",2.32765322256632,0.00965842993432229,71.6285714285715,"Up-regulated","ENSG00000166523"
"GCK",2.31179033424595,0.00326399001282082,14.5142857142857,"Up-regulated","ENSG00000106633"
"P3H3",2.30260441422983,3.18200453446123e-05,716.114285714286,"Up-regulated","ENSG00000110811"
"RENBP",2.29098458840882,1.05014122528589e-05,247.4,"Up-regulated","ENSG00000102032"
"SIGLEC15",2.28937489393894,0.0119405503450527,4.42857142857143,"Up-regulated","ENSG00000197046"
"OGN",2.2779120076506,0.000717837520870029,1124.34285714286,"Up-regulated","ENSG00000106809"
"GPC6",2.27264861231552,3.49704179427517e-06,320.285714285714,"Up-regulated","ENSG00000183098"
"ANXA1",2.26173706792721,1.15034035678854e-07,6734.51428571429,"Up-regulated","ENSG00000135046"
"CHST6",2.25423272132684,0.00397615250711773,24.9714285714286,"Up-regulated","ENSG00000183196"
"CD33",2.22948851107837,1.30013159343788e-05,162.8,"Up-regulated","ENSG00000105383"
"TIMP2",2.20873996454812,5.55273402256502e-06,10699.2571428571,"Up-regulated","ENSG00000035862"
"HAPLN3",2.19478874530293,1.15034035678854e-07,454.371428571429,"Up-regulated","ENSG00000140511"
"HPSE",2.19472716299309,0.000881536169268876,64.1142857142857,"Up-regulated","ENSG00000173083"
"COLEC11",2.19143776526321,0.00354699204801491,40.6,"Up-regulated","ENSG00000118004"
"HS3ST2",2.17454111473439,0.000496334616883465,49.3142857142857,"Up-regulated","ENSG00000122254"
"SIGLEC7",2.17287742139974,0.00355948041161016,21.3714285714286,"Up-regulated","ENSG00000168995"
"SLC26A9",-2.17157703138003,0.0308185254479304,280.028571428571,"Down-regulated","ENSG00000174502"
"CLEC11A",2.16473663243821,0.000132606854778058,417.685714285714,"Up-regulated","ENSG00000105472"
"CLEC3B",2.16468163866382,8.45847264634923e-05,3183.48571428571,"Up-regulated","ENSG00000163815"
"L1CAM",2.16420211408687,5.58977239177779e-06,265.2,"Up-regulated","ENSG00000198910"
"SELE",2.15365975016954,0.00036120942823437,15.2857142857143,"Up-regulated","ENSG00000007908"
"CES1",2.15264513462319,0.000122843741884179,664.8,"Up-regulated","ENSG00000198848"
"SIGLEC9",2.14957412304008,0.00311426068143861,54.4,"Up-regulated","ENSG00000129450"
"CD44",2.12858084837958,3.1971078815241e-06,6064.97142857143,"Up-regulated","ENSG00000026508"
"CTSS",2.126857894574,0.000435732992361926,1852.05714285714,"Up-regulated","ENSG00000163131"
"G6PD",2.11710524306375,3.36606925122601e-06,498.4,"Up-regulated","ENSG00000160211"
"ASPN",2.10142645209411,7.89207084479489e-05,2651.34285714286,"Up-regulated","ENSG00000106819"
"VCAM1",2.09658775225745,4.41040670634859e-06,404.685714285714,"Up-regulated","ENSG00000162692"
"TNXB",2.07564781149665,3.57617047041397e-07,15965.6571428571,"Up-regulated","ENSG00000168477"
"GPNMB",2.04282605569787,0.000110113413710085,4766.68571428572,"Up-regulated","ENSG00000136235"
"TNF",2.01918721120103,0.000280364704616617,33,"Up-regulated","ENSG00000232810"
"COL9A2",2.0168573838511,0.000819460665223133,78.6571428571429,"Up-regulated","ENSG00000049089"
"GALNT17",2.01060078600953,0.000492139127269107,240,"Up-regulated","ENSG00000185274"
"B3GNT7",1.99494264563236,9.68063934407844e-05,49.5428571428571,"Up-regulated","ENSG00000156966"
"PLPP2",1.97584651544548,0.0112528725714276,65.5428571428571,"Up-regulated","ENSG00000141934"
"FBXO17",1.95976008447745,1.14661158029946e-05,371.4,"Up-regulated","ENSG00000269190"
"SELP",1.95914229190869,1.89818813793054e-06,244.685714285714,"Up-regulated","ENSG00000174175"
"SIGLEC10",1.9538084473142,0.00628096470887583,98,"Up-regulated","ENSG00000142512"
"ACAN",1.94659811216552,0.00471323745244199,274.485714285714,"Up-regulated","ENSG00000157766"
"CHST11",1.9392177643265,4.15925257938103e-05,185.028571428571,"Up-regulated","ENSG00000171310"
"CERCAM",1.93819849315316,0.000165485084696072,1446.85714285714,"Up-regulated","ENSG00000167123"
"MRC2",1.93586559946396,8.07817802569181e-06,4414.54285714286,"Up-regulated","ENSG00000011028"
"PYGL",1.91085732167468,8.229997235201e-05,804.571428571429,"Up-regulated","ENSG00000100504"
"SLC26A8",1.90393834901417,0.0322729725231475,8.51428571428571,"Up-regulated","ENSG00000112053"
"FGF16",1.89791020684351,0.00535033867035803,32.8571428571429,"Up-regulated","ENSG00000196468"
"GLB1L",1.88200395739762,4.0297283277265e-05,136.8,"Up-regulated","ENSG00000163521"
"FUT2",1.87839977297873,0.00140415402934594,9.45714285714286,"Up-regulated","ENSG00000176920"
"CLEC7A",1.87808801971851,0.00122016378003638,301.628571428571,"Up-regulated","ENSG00000172243"
"B3GNT9",1.86835833234562,8.85928142566146e-07,180.742857142857,"Up-regulated","ENSG00000237172"
"GALNT16",1.86175273148412,3.25386774495839e-06,1113.31428571429,"Up-regulated","ENSG00000100626"
"PTN",1.8556155239159,0.00335252009161825,308.371428571429,"Up-regulated","ENSG00000105894"
"FN1",1.84572941477528,4.163866238386e-06,18515.2571428571,"Up-regulated","ENSG00000115414"
"KLRB1",1.83635338684507,0.0139831937588312,59.8,"Up-regulated","ENSG00000111796"
"CHST8",1.83451959564531,0.0063759634883336,8.6,"Up-regulated","ENSG00000124302"
"IL6",1.818234998779,0.0135273809471906,11.6,"Up-regulated","ENSG00000136244"
"SVOP",1.80884651223634,0.00315247059825832,25.4,"Up-regulated","ENSG00000166111"
"CD72",1.79386119862186,0.00043295033546004,65.7142857142857,"Up-regulated","ENSG00000137101"
"ST8SIA2",1.78701363461524,0.0101489032375749,93.6857142857143,"Up-regulated","ENSG00000140557"
"DPY19L2",1.78338206748838,0.000631051506418435,349.628571428571,"Up-regulated","ENSG00000177990"
"ARSL",1.75430558893541,0.0235629434595916,4.8,"Up-regulated","ENSG00000157399"
"LGALS3BP",1.75301956538177,0.00010052208955278,4060.51428571429,"Up-regulated","ENSG00000108679"
"LFNG",1.75264010702965,0.000676953605402201,845.371428571429,"Up-regulated","ENSG00000106003"
"GAL3ST4",1.75186083403543,8.87696930865519e-05,194.457142857143,"Up-regulated","ENSG00000197093"
"FCN1",1.74831832830421,0.00769802835261958,777.514285714286,"Up-regulated","ENSG00000085265"
"SLC2A14",1.73910987124643,1.90424259514455e-05,57.5714285714286,"Up-regulated","ENSG00000173262"
"SIGLEC11",1.7257864597838,0.00434345977957783,25.8,"Up-regulated","ENSG00000161640"
"DCN",1.71807659457781,0.000109875766891397,52190.8857142857,"Up-regulated","ENSG00000011465"
"LGALS2",1.70712940997682,0.00906219230808166,35.4,"Up-regulated","ENSG00000100079"
"PLA2R1",1.70018168467075,5.58977239177779e-06,219.685714285714,"Up-regulated","ENSG00000153246"
"SLC2A3",1.68382205864746,8.49812063862602e-08,684.514285714286,"Up-regulated","ENSG00000059804"
"IDUA",1.66329904126156,0.000140938482137535,406.314285714286,"Up-regulated","ENSG00000127415"
"MGAT3",1.64968073662074,1.9368890346719e-05,399,"Up-regulated","ENSG00000128268"
"HAS2",1.63372808079833,0.00102737673174502,126.314285714286,"Up-regulated","ENSG00000170961"
"MAN2B2",1.62708822001682,1.33640556272821e-06,968.085714285715,"Up-regulated","ENSG00000013288"
"ADAMTS5",1.62510617913681,0.00135881593792069,894.485714285714,"Up-regulated","ENSG00000154736"
"SLC2A10",1.60667431823341,5.59116471147705e-05,258.914285714286,"Up-regulated","ENSG00000197496"
"COLEC12",1.59963648512694,9.26176746447287e-05,1111.97142857143,"Up-regulated","ENSG00000158270"
"ADAMTS4",1.5918241945022,9.3745598220863e-07,117.942857142857,"Up-regulated","ENSG00000158859"
"SCD5",1.58837603156495,0.000369020903262876,184.428571428571,"Up-regulated","ENSG00000145284"
"ITGA3",1.57889867762669,1.58306943452872e-07,1162.14285714286,"Up-regulated","ENSG00000005884"
"KLRC1",1.57652251486729,0.047443598677055,9.68571428571429,"Up-regulated","ENSG00000134545"
"PFKP",1.57607725669515,3.59931465987529e-07,1225.42857142857,"Up-regulated","ENSG00000067057"
"SULF1",1.55789822574166,0.000288272704113139,1155.91428571429,"Up-regulated","ENSG00000137573"
"SDC2",1.55369046200052,7.04634307294089e-05,2990.34285714286,"Up-regulated","ENSG00000169439"
"SLC2A1",1.54655592993725,0.00127898390159122,223.114285714286,"Up-regulated","ENSG00000117394"
"PKD1L2",1.54279397053668,0.00421338129941334,203.542857142857,"Up-regulated","ENSG00000166473"
"B3GNT8",1.53551097369387,0.000386839644395189,85.2,"Up-regulated","ENSG00000177191"
"CD69",1.53420084725974,0.0478520821815634,24.4857142857143,"Up-regulated","ENSG00000110848"
"CERS4",1.5328435125349,0.000779891076302004,323.142857142857,"Up-regulated","ENSG00000090661"
"GALNT12",1.52497456372021,0.00511756976532131,131.314285714286,"Up-regulated","ENSG00000119514"
"FGF14",1.5074936841018,0.00371278704947439,46.8285714285714,"Up-regulated","ENSG00000102466"
"NCAM1",1.50687806663543,0.00610617416715893,1701.42857142857,"Up-regulated","ENSG00000149294"
"SDCBP2",1.50329250805001,0.000102954566690045,105,"Up-regulated","ENSG00000125775"
"MASP1",-1.50274097859924,7.45596947167525e-05,1359.51428571429,"Down-regulated","ENSG00000127241"
"ARSJ",1.49982384571168,4.3967824707224e-05,53.5714285714286,"Up-regulated","ENSG00000180801"
"B3GALT1",-1.49123403459004,0.0195025781441696,334.371428571429,"Down-regulated","ENSG00000172318"
"HS3ST1",1.48340935712025,0.00884461489924642,62.9142857142857,"Up-regulated","ENSG00000002587"
"ARSD",1.48225774214095,8.5808391838979e-05,340.771428571429,"Up-regulated","ENSG00000006756"
"LGALS9",1.48023569887124,9.70009529645407e-05,653.542857142857,"Up-regulated","ENSG00000168961"
"PGGHG",1.46723104277631,0.00053236763088058,1704.4,"Up-regulated","ENSG00000142102"
"CD74",1.46236485617155,0.000498406923984536,26056.4,"Up-regulated","ENSG00000019582"
"CLEC18A",1.44759494504911,0.00636855295605332,41.0571428571428,"Up-regulated","ENSG00000157322"
"NLGN3",1.43965869812631,0.00209348994454863,47.0571428571429,"Up-regulated","ENSG00000196338"
"CLEC4A",1.43153966187978,0.00155347062098212,102.228571428571,"Up-regulated","ENSG00000111729"
"CEMIP",1.42683830324018,0.00748316365256944,41.4571428571429,"Up-regulated","ENSG00000103888"
"GLT8D2",1.41694741840078,0.000251608419550545,378.6,"Up-regulated","ENSG00000120820"
"MAN1A1",1.41587500832584,1.48412548991344e-05,1635.37142857143,"Up-regulated","ENSG00000111885"
"CRYBG1",1.41286579391347,0.000913335223578643,501.8,"Up-regulated","ENSG00000112297"
"ALDOC",1.3959037361225,0.00186572656366245,351.285714285714,"Up-regulated","ENSG00000109107"
"GPC2",1.38239886810532,0.00168175732139198,52.1142857142857,"Up-regulated","ENSG00000213420"
"MGAT5B",1.38054844884774,0.0369881645988328,14.1714285714286,"Up-regulated","ENSG00000167889"
"CLEC2L",-1.38042889034791,0.0063132074737232,57,"Down-regulated","ENSG00000236279"
"A4GALT",1.37283837836178,0.000140987489437963,1066.02857142857,"Up-regulated","ENSG00000128274"
"UGDH",1.36925829167157,0.000109191567159486,482.6,"Up-regulated","ENSG00000109814"
"ICAM1",1.3689402520462,6.36919817662154e-06,534.028571428571,"Up-regulated","ENSG00000090339"
"XYLT1",1.34910872062284,0.000137360490227306,356.371428571429,"Up-regulated","ENSG00000103489"
"P3H1",1.3480565924244,0.000690072663088106,812.6,"Up-regulated","ENSG00000117385"
"CST3",1.33444592248502,0.00151660458429954,12081.8857142857,"Up-regulated","ENSG00000101439"
"NAGLU",1.33198971562399,0.000978476981673347,828.228571428571,"Up-regulated","ENSG00000108784"
"SULF2",1.32692516169769,0.000394720626013258,2219.68571428571,"Up-regulated","ENSG00000196562"
"HK2",-1.32613794709673,0.0210775190081284,3810.6,"Down-regulated","ENSG00000159399"
"LGALS3",1.32080596688113,0.00125102001134093,5384.28571428571,"Up-regulated","ENSG00000131981"
"B3GNT4",1.32007024834622,0.0155009738646054,10.1142857142857,"Up-regulated","ENSG00000176383"
"B3GAT3",1.31264078631557,0.000423629001437496,621.885714285714,"Up-regulated","ENSG00000149541"
"ELOVL5",1.31028280969472,0.00185827760665867,1815.31428571429,"Up-regulated","ENSG00000012660"
"XXYLT1",1.30965945135178,3.92494824745395e-05,243.114285714286,"Up-regulated","ENSG00000173950"
"ELOVL1",1.30622124984224,9.96192484574691e-05,1043.25714285714,"Up-regulated","ENSG00000066322"
"DSEL",1.29383043156349,8.3969041612688e-06,236.371428571429,"Up-regulated","ENSG00000171451"
"FBXO2",1.28830020052274,0.0105275236013041,53,"Up-regulated","ENSG00000116661"
"UST",1.28395116718081,0.00084252306924145,225,"Up-regulated","ENSG00000111962"
"CHSY3",1.27605100516944,0.00619161261643615,124.571428571429,"Up-regulated","ENSG00000198108"
"FBXO27",1.26316926071675,0.0358046494053706,86.8285714285714,"Up-regulated","ENSG00000161243"
"LY75",1.24546468925477,0.00474914339523144,100.885714285714,"Up-regulated","ENSG00000054219"
"ELOVL4",1.2453305860831,0.0117589781079578,34.1714285714286,"Up-regulated","ENSG00000118402"
"ADAMTS10",1.24522883703908,0.00229728338500309,822.714285714286,"Up-regulated","ENSG00000142303"
"CHPF",1.23811963089487,0.000442441026918382,940.571428571429,"Up-regulated","ENSG00000123989"
"CSPG4",1.2266679828071,0.00013987042537744,2614.82857142857,"Up-regulated","ENSG00000173546"
"LGALSL",-1.22330643462993,0.00140974083448962,3224.88571428571,"Down-regulated","ENSG00000119862"
"PLOD3",1.21861912515288,2.15216319236362e-05,988.857142857143,"Up-regulated","ENSG00000106397"
"CHST2",1.21851901641885,0.000184283289721012,258.971428571429,"Up-regulated","ENSG00000175040"
"CERS5",1.21500534670673,4.01388837330075e-05,703.714285714286,"Up-regulated","ENSG00000139624"
"SLC35D2",1.2127749904697,0.000197490360691381,254.714285714286,"Up-regulated","ENSG00000130958"
"AGRN",1.21256535408465,6.2929992180871e-05,1572.82857142857,"Up-regulated","ENSG00000188157"
"COLGALT1",1.19952708408281,1.214104448393e-05,2062.74285714286,"Up-regulated","ENSG00000130309"
"ACTB",1.19614024735273,0.00027304516727199,45761.2,"Up-regulated","ENSG00000075624"
"GALNT14",1.1919200281866,0.0414170927872504,23.2857142857143,"Up-regulated","ENSG00000158089"
"HAS3",-1.18971753139532,9.56670659354674e-06,105.257142857143,"Down-regulated","ENSG00000103044"
"NLGN2",1.17901396049837,8.70196426234238e-05,1037.62857142857,"Up-regulated","ENSG00000169992"
"CD34",1.17814033493022,0.00205778357548552,10667.6571428571,"Up-regulated","ENSG00000174059"
"PFKFB1",-1.17586249879686,0.0384171753662952,1528.17142857143,"Down-regulated","ENSG00000158571"
"HMMR",-1.17302180072028,0.0109242935939201,29.0285714285714,"Down-regulated","ENSG00000072571"
"FGFR1",1.15827142740552,8.00800180572103e-05,3871.62857142857,"Up-regulated","ENSG00000077782"
"NPL",1.15815804266688,0.000289925094211765,232.542857142857,"Up-regulated","ENSG00000135838"
"GBA1",1.14877947124921,0.000339889371242008,783.857142857143,"Up-regulated","ENSG00000177628"
"PAPSS1",1.14042933508007,0.000353913623197645,614.057142857143,"Up-regulated","ENSG00000138801"
"PGM2",1.12471244104748,4.74203230665472e-05,288.771428571429,"Up-regulated","ENSG00000169299"
"CHST7",1.12400233538902,0.00329533466204379,232.828571428571,"Up-regulated","ENSG00000147119"
"PYGB",1.12396689386415,2.04094851683839e-05,1796.77142857143,"Up-regulated","ENSG00000100994"
"EDEM2",1.12019541409648,0.00185616989427531,351.114285714286,"Up-regulated","ENSG00000088298"
"LGALS1",1.11863416879829,0.00111836681167311,16418.7142857143,"Up-regulated","ENSG00000100097"
"SDF2L1",1.11542017385132,0.00209141031864408,224.571428571429,"Up-regulated","ENSG00000128228"
"SLC26A7",-1.11362421283851,0.00981036635608904,20.3714285714286,"Down-regulated","ENSG00000147606"
"GALNT10",1.1067442145793,1.2956336984092e-05,1027.88571428571,"Up-regulated","ENSG00000164574"
"CD83",1.10627269682196,0.00143972480836914,116.4,"Up-regulated","ENSG00000112149"
"ELOVL6",1.09862524279335,0.0142172493547725,124.457142857143,"Up-regulated","ENSG00000170522"
"MGAT5",1.09141535428523,8.7279172362091e-06,742.257142857143,"Up-regulated","ENSG00000152127"
"MAN2B1",1.08761903792876,0.00292940984953199,1267.71428571429,"Up-regulated","ENSG00000104774"
"PECAM1",1.08205060416124,0.000291035866790543,10921.6571428571,"Up-regulated","ENSG00000261371"
"FGF7",1.07634966691529,0.0198764012925312,572.771428571428,"Up-regulated","ENSG00000140285"
"GBGT1",1.04107018866441,0.000624771715965821,140.542857142857,"Up-regulated","ENSG00000148288"
"TRAM2",1.03897814356442,0.000151537725794608,1133.71428571429,"Up-regulated","ENSG00000065308"
"EXT1",1.03875800402903,3.14674014852703e-05,773.114285714286,"Up-regulated","ENSG00000182197"
"CHST15",1.0348304757635,6.64237357552154e-05,1145.34285714286,"Up-regulated","ENSG00000182022"
"EPM2A",-1.03139643689725,0.038394308994316,3259.17142857143,"Down-regulated","ENSG00000112425"
"CHST14",1.03011114918547,0.000698804130821094,423.485714285714,"Up-regulated","ENSG00000169105"
"PKD2",1.02648910647162,2.08615426539909e-05,1308.45714285714,"Up-regulated","ENSG00000118762"
"TGFBR3",1.01987909025295,0.010238703982749,2252.08571428571,"Up-regulated","ENSG00000069702"
"AMDHD2",1.01094069508217,0.000850380622942538,383.142857142857,"Up-regulated","ENSG00000162066"
"CD302",1.01034033652401,0.00693349873302511,215.085714285714,"Up-regulated","ENSG00000241399"
"ANXA4",1.00579385668062,0.00077633552849368,1399.94285714286,"Up-regulated","ENSG00000196975"
"SV2A",1.00361987818237,0.0257222551778238,65.9428571428572,"Up-regulated","ENSG00000159164"
"P3H2",0.998890071190817,0.00608847392465176,145.657142857143,"Up-regulated","ENSG00000090530"
"ST3GAL1",-0.994920220914317,0.00906511398889629,4464.28571428571,"Down-regulated","ENSG00000008513"
"CHPF2",0.993616388496133,0.00058411209810488,844.428571428571,"Up-regulated","ENSG00000033100"
"ANXA5",0.99130615032927,0.00370191558385382,6908.31428571428,"Up-regulated","ENSG00000164111"
"B3GALNT1",0.987336347848777,0.00349460756169364,181.057142857143,"Up-regulated","ENSG00000169255"
"SLC2A6",0.984573981692428,0.00266610137897883,144.714285714286,"Up-regulated","ENSG00000160326"
"PMM1",0.982597527119012,0.00591109948488281,573.228571428572,"Up-regulated","ENSG00000100417"
"B3GALT4",0.972736941286325,0.00893269377371247,225.057142857143,"Up-regulated","ENSG00000235863"
"TUSC3",0.966066157893988,0.000394720626013258,523.485714285714,"Up-regulated","ENSG00000104723"
"ST6GALNAC3",-0.938513337234453,0.000132150349789192,141.971428571429,"Down-regulated","ENSG00000184005"
"TPST1",0.934496996087841,0.0250722611459219,335.457142857143,"Up-regulated","ENSG00000169902"
"ST3GAL4",0.931848307659575,0.00357825967374704,375.2,"Up-regulated","ENSG00000110080"
"ADAMTS1",0.931479441206212,0.0060458428516838,2152.97142857143,"Up-regulated","ENSG00000154734"
"GMDS",0.930120056284287,0.00551569740613767,221.628571428571,"Up-regulated","ENSG00000112699"
"SMPD3",0.924811736997587,0.00553687362512399,304.428571428571,"Up-regulated","ENSG00000103056"
"POGLUT2",0.924737899961015,0.00600882808690388,127.2,"Up-regulated","ENSG00000134901"
"SRGN",0.919516796195312,0.0210221131075449,1612.17142857143,"Up-regulated","ENSG00000122862"
"USF3",-0.91390417415152,0.0100913421234322,2036.8,"Down-regulated","ENSG00000176542"
"CLEC2B",0.913390388947706,0.00360642197935524,678.171428571428,"Up-regulated","ENSG00000110852"
"HYAL2",0.895243501071277,0.00197148055808974,1108.25714285714,"Up-regulated","ENSG00000068001"
"OS9",0.884152367948651,0.00146513938996128,3981.91428571429,"Up-regulated","ENSG00000135506"
"MAN1C1",0.884042915875224,0.00704197194284869,693.514285714286,"Up-regulated","ENSG00000117643"
"FUCA2",0.878182926099098,0.0113663924508868,676.228571428571,"Up-regulated","ENSG00000001036"
"CRYBG3",-0.876738643880222,0.0433951600858798,956.714285714286,"Down-regulated","ENSG00000080200"
"LAMP2",-0.8732553352355,0.00169926038465302,6490.6,"Down-regulated","ENSG00000005893"
"GALK1",0.870217843448956,0.00863507829452378,359.228571428571,"Up-regulated","ENSG00000108479"
"APOOL",-0.869006739061415,0.0296488428290555,1689.34285714286,"Down-regulated","ENSG00000155008"
"MADCAM1",0.868179355207028,0.0303698523671879,21.8857142857143,"Up-regulated","ENSG00000099866"
"GALNS",0.8544665311394,0.000970899688902606,396.542857142857,"Up-regulated","ENSG00000141012"
"ST3GAL3",-0.851187895831529,0.0153202781814783,2491.48571428571,"Down-regulated","ENSG00000126091"
"ARSA",0.845663756387918,0.00271072012265217,727.6,"Up-regulated","ENSG00000100299"
"CTSH",0.83887964378611,0.0280355985980734,1655.25714285714,"Up-regulated","ENSG00000103811"
"NAGK",0.837311680518584,0.00022615094024333,1680.11428571429,"Up-regulated","ENSG00000124357"
"GCNT1",0.831712421815351,0.0133111100390823,154.371428571429,"Up-regulated","ENSG00000187210"
"SDC3",0.826720845865417,2.36357167257567e-05,1362.45714285714,"Up-regulated","ENSG00000162512"
"CLEC1A",0.82260734846231,0.0263493156157884,227.171428571429,"Up-regulated","ENSG00000150048"
"ACER3",0.821361468920092,0.000586775493786469,525.142857142857,"Up-regulated","ENSG00000078124"
"CSGALNACT1",0.820173654369136,0.00790473205306792,924.257142857143,"Up-regulated","ENSG00000147408"
"TIMP3",0.813209371777289,0.0141062229404389,22626.9714285714,"Up-regulated","ENSG00000100234"
"GBE1",-0.812799052850147,0.041408989914523,5239.25714285714,"Down-regulated","ENSG00000114480"
"LAMP1",0.80521809082091,0.000583420241227694,5152.25714285714,"Up-regulated","ENSG00000185896"
"GNPDA2",-0.80471227020146,0.000122790120224362,682.6,"Down-regulated","ENSG00000163281"
"PDIA3",0.801653224927246,0.00417654219207297,4472.34285714286,"Up-regulated","ENSG00000167004"
"B4GALT6",-0.777284779485672,0.00185323426861314,169.885714285714,"Down-regulated","ENSG00000118276"
"SLC2A11",-0.777241228859689,0.0178061667936545,776.714285714286,"Down-regulated","ENSG00000133460"
"GUSB",0.776021731079495,0.00423493087114646,1380.94285714286,"Up-regulated","ENSG00000169919"
"CALR",0.77548821925791,0.00282489151439531,6401.4,"Up-regulated","ENSG00000179218"
"PLPP3",0.76506055714882,0.0275406722734134,3625.77142857143,"Up-regulated","ENSG00000162407"
"PLOD2",0.762074653390759,0.0081118761860643,595.085714285714,"Up-regulated","ENSG00000152952"
"FUT8",0.758745995914823,0.00895105939064059,338.828571428571,"Up-regulated","ENSG00000033170"
"SERBP1",-0.754635212437195,0.00357860542332509,14023.3714285714,"Down-regulated","ENSG00000142864"
"MANBA",0.754249407902287,0.00323710085582999,595,"Up-regulated","ENSG00000109323"
"SLC37A4",-0.747969732619623,0.036100139172143,1803.74285714286,"Down-regulated","ENSG00000137700"
"CHSY1",0.74349924084958,0.000620904643144127,684.628571428571,"Up-regulated","ENSG00000131873"
"HYAL1",-0.739070236005911,0.00826291674323936,607.571428571429,"Down-regulated","ENSG00000114378"
"ADAMTS15",0.735377262229819,0.00991564454196209,381.114285714286,"Up-regulated","ENSG00000166106"
"GALNT7",0.733840464138142,0.00227382277969038,203.257142857143,"Up-regulated","ENSG00000109586"
"SDCBP",0.733793144426388,0.00223395097220305,4521.82857142857,"Up-regulated","ENSG00000137575"
"SLC26A11",0.730504306846364,0.000437712071430665,393.2,"Up-regulated","ENSG00000181045"
"PFKL",0.729163023775103,0.0181051754849296,3085.65714285714,"Up-regulated","ENSG00000141959"
"UGP2",-0.720194682547778,0.0395670570442775,18498.6285714286,"Down-regulated","ENSG00000169764"
"MFNG",0.714441337526079,0.0250521793979551,632.485714285714,"Up-regulated","ENSG00000100060"
"HABP4",0.712198057074161,4.80637781150339e-05,716.085714285714,"Up-regulated","ENSG00000130956"
"PXYLP1",0.710526160520963,0.00594407888350049,245.257142857143,"Up-regulated","ENSG00000155893"
"SPTLC3",0.707878549034146,0.0273924487977835,106.4,"Up-regulated","ENSG00000172296"
"MAN1B1",0.706777946690822,0.00349717426842492,1724.2,"Up-regulated","ENSG00000177239"
"LIAS",-0.703790392793877,0.0305908713395876,891.514285714286,"Down-regulated","ENSG00000121897"
"NANS",0.699443935206842,0.0043066405919066,423.657142857143,"Up-regulated","ENSG00000095380"
"FUT4",0.695987494949737,0.0115125042629894,153.257142857143,"Up-regulated","ENSG00000196371"
"DPY19L1",0.691853362553492,0.000621811143490414,429.514285714286,"Up-regulated","ENSG00000173852"
"POFUT2",0.691404952925424,0.00148570450907423,893.4,"Up-regulated","ENSG00000186866"
"LMAN1",-0.684704227848287,0.00112125868520434,3447,"Down-regulated","ENSG00000074695"
"SLC2A9",0.672938102199266,0.0122198888012514,57.3428571428571,"Up-regulated","ENSG00000109667"
"CYB5R3",0.666808308200387,0.00204507106452876,9966.91428571429,"Up-regulated","ENSG00000100243"
"SLC35C1",0.665376956634857,0.00946962682367962,495.828571428572,"Up-regulated","ENSG00000181830"
"SGSH",0.665152723555887,0.00550605540349024,817.028571428571,"Up-regulated","ENSG00000181523"
"PRKCSH",0.665129787469815,0.0181674566186049,3379.6,"Up-regulated","ENSG00000130175"
"H6PD",-0.661722644445779,1.99704961667231e-05,4960.14285714286,"Down-regulated","ENSG00000049239"
"ALG10",-0.661487056456724,4.12190154460901e-05,51,"Down-regulated","ENSG00000139133"
"AMY2A",-0.658981063539313,0.013581385070854,453.571428571429,"Down-regulated","ENSG00000243480"
"POGLUT1",0.655051452566757,6.71112512941702e-05,338.885714285714,"Up-regulated","ENSG00000163389"
"FGF13",-0.652347859109251,0.0359140996328315,886.342857142857,"Down-regulated","ENSG00000129682"
"STT3B",-0.649522770198723,0.00109411264661594,4679.37142857143,"Down-regulated","ENSG00000163527"
"ST8SIA4",0.648220038042744,0.0458002947245809,286.285714285714,"Up-regulated","ENSG00000113532"
"EXTL3",-0.645887428171148,0.00437394819182489,1893.82857142857,"Down-regulated","ENSG00000012232"
"GLB1",0.643324652047805,0.00286502620544258,616.8,"Up-regulated","ENSG00000170266"
"SIAE",-0.641245621464423,0.0235721097079009,1315.97142857143,"Down-regulated","ENSG00000110013"
"B3GALT6",0.640178094891751,0.0219849168564512,512.657142857143,"Up-regulated","ENSG00000176022"
"GM2A",0.638442459786632,0.000800973083646335,919.857142857143,"Up-regulated","ENSG00000196743"
"GALNT18",0.638362605720646,0.0119171432186892,509.171428571429,"Up-regulated","ENSG00000110328"
"DAG1",-0.636074111121138,0.0181380713600361,7169.6,"Down-regulated","ENSG00000173402"
"C1GALT1",-0.634435840555528,9.9511960715474e-05,705.428571428571,"Down-regulated","ENSG00000106392"
"DPM2",0.6329479918246,0.0232554657304088,454.2,"Up-regulated","ENSG00000136908"
"UGGT2",0.623167734024667,0.00360961877253241,429.685714285714,"Up-regulated","ENSG00000102595"
"OVGP1",0.620166803797913,0.0481555712829844,156,"Up-regulated","ENSG00000085465"
"CMAS",-0.618256711766169,0.00318194471111798,1406.74285714286,"Down-regulated","ENSG00000111726"
"PIGF",-0.613894305540265,0.00104027426913799,313.885714285714,"Down-regulated","ENSG00000151665"
"UGCG",0.612926706017202,0.00512852513530865,576.542857142857,"Up-regulated","ENSG00000148154"
"B3GNT2",0.607000604622596,0.0234882510594567,366.428571428571,"Up-regulated","ENSG00000170340"
"GNPTAB",-0.606783883042659,0.0366087899436796,1939.8,"Down-regulated","ENSG00000111670"
"ST6GALNAC2",-0.603583186969353,0.0336927135054923,752.428571428571,"Down-regulated","ENSG00000070731"
"DPY19L3",0.602626003855289,0.0121423072100242,491.428571428571,"Up-regulated","ENSG00000178904"
"ALG11",-0.592534235202486,0.0287921441565407,154.914285714286,"Down-regulated","ENSG00000253710"
"PIGN",-0.592001385217127,0.0154394509713649,697.885714285714,"Down-regulated","ENSG00000197563"
"MANEAL",-0.590788584385101,0.0107454346361732,87.7142857142857,"Down-regulated","ENSG00000185090"
"CSTB",0.590436676874274,0.00200028290991886,2058.91428571429,"Up-regulated","ENSG00000160213"
"PIGW",-0.589325347856338,0.00090898332107517,258.114285714286,"Down-regulated","ENSG00000277161"
"SRD5A3",0.579196905096053,0.0410175427743331,279.828571428571,"Up-regulated","ENSG00000128039"
"GMPPA",0.577650087679868,0.00550625297595993,843.914285714286,"Up-regulated","ENSG00000144591"
"LIPA",0.577469619489573,0.0307545958336409,1313.85714285714,"Up-regulated","ENSG00000107798"
"HSPG2",0.571160708378076,0.0255433872402452,14488.2571428571,"Up-regulated","ENSG00000142798"
"GALNT1",-0.568397909671368,0.0091029961700458,2497.2,"Down-regulated","ENSG00000141429"
"NGLY1",-0.566275764101306,0.034392019981079,2047.45714285714,"Down-regulated","ENSG00000151092"
"GNB1",0.565494947970788,0.00440963010055601,5329.82857142857,"Up-regulated","ENSG00000078369"
"RDH13",-0.561693408315833,0.0240024742777014,521.742857142857,"Down-regulated","ENSG00000160439"
"GPCPD1",-0.560803403502479,0.0204502934990693,1673.97142857143,"Down-regulated","ENSG00000125772"
"SGMS2",0.559541628342633,0.0257338554839518,335.828571428571,"Up-regulated","ENSG00000164023"
"AMY2B",-0.557606845788793,0.0240275386258636,2510.42857142857,"Down-regulated","ENSG00000240038"
"PIGH",-0.553329597404972,0.000324889425783618,598.514285714286,"Down-regulated","ENSG00000100564"
"GLA",0.545990125557706,0.0131344769595757,353.314285714286,"Up-regulated","ENSG00000102393"
"COG6",-0.544831617222951,0.00834917289159821,622.685714285714,"Down-regulated","ENSG00000133103"
"COG2",-0.540856777440755,0.000879773986167519,1042.88571428571,"Down-regulated","ENSG00000135775"
"TMEM165",0.539578324458535,0.00319708261322123,1156.42857142857,"Up-regulated","ENSG00000134851"
"PIGQ",0.537587193071801,0.0415579264990487,644.8,"Up-regulated","ENSG00000007541"
"GMPPB",0.534034810392374,0.00189257501594103,508.571428571429,"Up-regulated","ENSG00000173540"
"FUT11",0.521884827291828,0.000910610665410863,494.4,"Up-regulated","ENSG00000196968"
"SLC35C2",0.521038111358003,0.0178419065848649,1185.37142857143,"Up-regulated","ENSG00000080189"
"LMAN2",0.520930993018028,0.0236393557395607,1672.08571428571,"Up-regulated","ENSG00000169223"
"COG5",-0.518090775197544,0.0395333104711649,1080.65714285714,"Down-regulated","ENSG00000164597"
"CERS2",0.511725715196132,0.0130804143720135,1326.57142857143,"Up-regulated","ENSG00000143418"
"DPM1",-0.51171967952626,0.0190225491582209,1222.48571428571,"Down-regulated","ENSG00000000419"
"PIGP",-0.510284512052131,0.0388540021276513,815.914285714286,"Down-regulated","ENSG00000185808"
"ANXA7",-0.50800192773908,0.0141196601723194,6646.22857142857,"Down-regulated","ENSG00000138279"
"CHST3",0.503430294740704,0.045199251665142,938.714285714286,"Up-regulated","ENSG00000122863"
"FKTN",-0.500927888201355,0.0286582743305496,705.942857142857,"Down-regulated","ENSG00000106692"
"ST6GALNAC6",0.49964045640156,0.0184581834501619,3246.45714285714,"Up-regulated","ENSG00000160408"
"ALG10B",-0.480254110027835,0.00588263349467285,341.714285714286,"Down-regulated","ENSG00000175548"
"KDSR",0.477146309483496,0.0350715781858039,1033.2,"Up-regulated","ENSG00000119537"
"LGALS8",0.475002985909624,0.0118338438326816,837.4,"Up-regulated","ENSG00000116977"
"MAN2A1",-0.471050904627759,0.0415203932572417,1438.34285714286,"Down-regulated","ENSG00000112893"
"HEXA",0.4699575420208,0.0355208617109353,1178.71428571429,"Up-regulated","ENSG00000213614"
"MOGS",0.464576807569092,0.01938291610803,1206.11428571429,"Up-regulated","ENSG00000115275"
"MGAT1",0.455813234837605,0.0257646718783576,4286.65714285714,"Up-regulated","ENSG00000131446"
"XYLT2",0.449716798452954,0.022490548519256,647.485714285714,"Up-regulated","ENSG00000015532"
"HGSNAT",0.443662860791175,0.0129000282040877,2541.4,"Up-regulated","ENSG00000165102"
"PIGO",0.431483835707159,0.0131753139361302,453.885714285714,"Up-regulated","ENSG00000165282"
"NAGA",0.428281632467323,0.0489793397309173,738.457142857143,"Up-regulated","ENSG00000198951"
"RFT1",0.426807917749667,0.0107270987127439,297.742857142857,"Up-regulated","ENSG00000163933"
"UTP14C",-0.425883446179119,0.0388663283995939,792.342857142857,"Down-regulated","ENSG00000253797"
"PIGV",0.423210184164458,0.0306350174021294,233.742857142857,"Up-regulated","ENSG00000060642"
"GNPNAT1",-0.422820225775009,0.0235618394975165,435.285714285714,"Down-regulated","ENSG00000100522"
"FAM20B",-0.412477992793742,0.034248984274676,2456.37142857143,"Down-regulated","ENSG00000116199"
"SLC17A5",0.404126890786869,0.0182071889474294,465.8,"Up-regulated","ENSG00000119899"
"SPTLC2",0.403600944306231,0.0462956446820977,1078.48571428571,"Up-regulated","ENSG00000100596"
"FKRP",-0.400212617297225,0.0380417853820514,756.057142857143,"Down-regulated","ENSG00000181027"
"EXT2",0.394976968316242,0.0138851177540393,1434.88571428571,"Up-regulated","ENSG00000151348"
"GANAB",0.389933949595139,0.00331926148720088,4539.94285714286,"Up-regulated","ENSG00000089597"
"NEU1",0.387761031954738,0.0163060814394205,907.742857142857,"Up-regulated","ENSG00000204386"
"TPST2",-0.382580273752118,0.0187196867667673,1109.28571428571,"Down-regulated","ENSG00000128294"
"PIGK",-0.380085763714555,0.00226136915648186,791.028571428571,"Down-regulated","ENSG00000142892"
"CTSA",0.3792292901785,0.0297515944865739,2412.17142857143,"Up-regulated","ENSG00000064601"
"STT3A",0.37740463275822,0.0160646773464263,1589.31428571429,"Up-regulated","ENSG00000134910"
"ESD",-0.375433722568001,0.00139529589121631,3509.37142857143,"Down-regulated","ENSG00000139684"
"DPY19L4",-0.367536201128225,0.0310543470221064,757.114285714286,"Down-regulated","ENSG00000156162"
"PIGX",-0.362799897767147,0.0288737061188611,742.457142857143,"Down-regulated","ENSG00000163964"
"SMC3",-0.362052164113375,0.0217014039908573,1500.74285714286,"Down-regulated","ENSG00000108055"
"DPAGT1",0.344890230255475,0.0283322609702292,502.914285714286,"Up-regulated","ENSG00000172269"
"ASAH1",-0.34395955772184,0.033593578263258,5971.11428571429,"Down-regulated","ENSG00000104763"
"HMGB1",-0.328253823943254,0.000376849303320736,12762.2857142857,"Down-regulated","ENSG00000189403"
"ERLEC1",-0.317838921473087,0.00123728213036161,1731.94285714286,"Down-regulated","ENSG00000068912"
"GXYLT1",-0.307386085300367,0.0380417853820514,431.857142857143,"Down-regulated","ENSG00000151233"
"B4GAT1",-0.305722635546251,0.0218586092093288,1102.2,"Down-regulated","ENSG00000174684"
"SLC35A2",0.294950665673655,0.0465700756960709,302.514285714286,"Up-regulated","ENSG00000102100"
"MGAT4B",0.288491400253777,0.0455376684513373,1536.62857142857,"Up-regulated","ENSG00000161013"
"RTF2",-0.288455811253753,0.01984129343293,3683.8,"Down-regulated","ENSG00000022277"
"GTDC1",-0.283557943543229,0.0495782233722116,860.628571428571,"Down-regulated","ENSG00000121964"
"RXYLT1",-0.283179482380551,0.0444369379792003,485.6,"Down-regulated","ENSG00000118600"
"COG3",-0.282392309600358,0.00129194750394664,882.857142857143,"Down-regulated","ENSG00000136152"
"COG1",-0.277613948945224,0.0478275885862183,1455.68571428571,"Down-regulated","ENSG00000166685"
"ALG9",-0.259252150516649,0.048289178519727,334.714285714286,"Down-regulated","ENSG00000086848"
NA,NA,NA,NA,NA,"NA"
NA,NA,NA,NA,NA,"NA.1"
NA,NA,NA,NA,NA,"NA.2"
NA,NA,NA,NA,NA,"NA.3"
NA,NA,NA,NA,NA,"NA.4"
NA,NA,NA,NA,NA,"NA.5"
NA,NA,NA,NA,NA,"NA.6"
NA,NA,NA,NA,NA,"NA.7"
NA,NA,NA,NA,NA,"NA.8"
NA,NA,NA,NA,NA,"NA.9"
NA,NA,NA,NA,NA,"NA.10"
NA,NA,NA,NA,NA,"NA.11"
NA,NA,NA,NA,NA,"NA.12"
NA,NA,NA,NA,NA,"NA.13"
NA,NA,NA,NA,NA,"NA.14"
NA,NA,NA,NA,NA,"NA.15"
NA,NA,NA,NA,NA,"NA.16"
NA,NA,NA,NA,NA,"NA.17"
NA,NA,NA,NA,NA,"NA.18"
NA,NA,NA,NA,NA,"NA.19"
NA,NA,NA,NA,NA,"NA.20"
NA,NA,NA,NA,NA,"NA.21"
NA,NA,NA,NA,NA,"NA.22"
NA,NA,NA,NA,NA,"NA.23"
NA,NA,NA,NA,NA,"NA.24"
NA,NA,NA,NA,NA,"NA.25"
NA,NA,NA,NA,NA,"NA.26"
NA,NA,NA,NA,NA,"NA.27"
NA,NA,NA,NA,NA,"NA.28"
NA,NA,NA,NA,NA,"NA.29"
NA,NA,NA,NA,NA,"NA.30"
NA,NA,NA,NA,NA,"NA.31"
NA,NA,NA,NA,NA,"NA.32"
NA,NA,NA,NA,NA,"NA.33"
NA,NA,NA,NA,NA,"NA.34"
NA,NA,NA,NA,NA,"NA.35"
NA,NA,NA,NA,NA,"NA.36"
NA,NA,NA,NA,NA,"NA.37"
NA,NA,NA,NA,NA,"NA.38"
NA,NA,NA,NA,NA,"NA.39"
NA,NA,NA,NA,NA,"NA.40"
NA,NA,NA,NA,NA,"NA.41"
NA,NA,NA,NA,NA,"NA.42"
NA,NA,NA,NA,NA,"NA.43"
NA,NA,NA,NA,NA,"NA.44"
NA,NA,NA,NA,NA,"NA.45"
NA,NA,NA,NA,NA,"NA.46"
NA,NA,NA,NA,NA,"NA.47"
NA,NA,NA,NA,NA,"NA.48"
NA,NA,NA,NA,NA,"NA.49"
NA,NA,NA,NA,NA,"NA.50"
NA,NA,NA,NA,NA,"NA.51"
NA,NA,NA,NA,NA,"NA.52"
NA,NA,NA,NA,NA,"NA.53"
NA,NA,NA,NA,NA,"NA.54"
NA,NA,NA,NA,NA,"NA.55"
NA,NA,NA,NA,NA,"NA.56"
NA,NA,NA,NA,NA,"NA.57"
NA,NA,NA,NA,NA,"NA.58"
NA,NA,NA,NA,NA,"NA.59"
NA,NA,NA,NA,NA,"NA.60"
NA,NA,NA,NA,NA,"NA.61"
NA,NA,NA,NA,NA,"NA.62"
NA,NA,NA,NA,NA,"NA.63"
NA,NA,NA,NA,NA,"NA.64"
NA,NA,NA,NA,NA,"NA.65"
NA,NA,NA,NA,NA,"NA.66"
NA,NA,NA,NA,NA,"NA.67"
NA,NA,NA,NA,NA,"NA.68"
NA,NA,NA,NA,NA,"NA.69"
NA,NA,NA,NA,NA,"NA.70"
NA,NA,NA,NA,NA,"NA.71"
NA,NA,NA,NA,NA,"NA.72"
NA,NA,NA,NA,NA,"NA.73"
NA,NA,NA,NA,NA,"NA.74"
NA,NA,NA,NA,NA,"NA.75"
NA,NA,NA,NA,NA,"NA.76"
NA,NA,NA,NA,NA,"NA.77"
NA,NA,NA,NA,NA,"NA.78"
NA,NA,NA,NA,NA,"NA.79"
NA,NA,NA,NA,NA,"NA.80"
NA,NA,NA,NA,NA,"NA.81"
NA,NA,NA,NA,NA,"NA.82"
NA,NA,NA,NA,NA,"NA.83"
NA,NA,NA,NA,NA,"NA.84"
NA,NA,NA,NA,NA,"NA.85"
NA,NA,NA,NA,NA,"NA.86"
NA,NA,NA,NA,NA,"NA.87"
NA,NA,NA,NA,NA,"NA.88"
NA,NA,NA,NA,NA,"NA.89"
NA,NA,NA,NA,NA,"NA.90"
NA,NA,NA,NA,NA,"NA.91"
NA,NA,NA,NA,NA,"NA.92"
NA,NA,NA,NA,NA,"NA.93"
NA,NA,NA,NA,NA,"NA.94"
NA,NA,NA,NA,NA,"NA.95"
NA,NA,NA,NA,NA,"NA.96"
NA,NA,NA,NA,NA,"NA.97"
NA,NA,NA,NA,NA,"NA.98"
NA,NA,NA,NA,NA,"NA.99"
NA,NA,NA,NA,NA,"NA.100"
NA,NA,NA,NA,NA,"NA.101"
NA,NA,NA,NA,NA,"NA.102"
NA,NA,NA,NA,NA,"NA.103"
NA,NA,NA,NA,NA,"NA.104"
NA,NA,NA,NA,NA,"NA.105"
NA,NA,NA,NA,NA,"NA.106"
NA,NA,NA,NA,NA,"NA.107"
NA,NA,NA,NA,NA,"NA.108"
NA,NA,NA,NA,NA,"NA.109"
NA,NA,NA,NA,NA,"NA.110"
NA,NA,NA,NA,NA,"NA.111"
NA,NA,NA,NA,NA,"NA.112"
NA,NA,NA,NA,NA,"NA.113"
NA,NA,NA,NA,NA,"NA.114"
NA,NA,NA,NA,NA,"NA.115"
NA,NA,NA,NA,NA,"NA.116"
NA,NA,NA,NA,NA,"NA.117"
NA,NA,NA,NA,NA,"NA.118"
NA,NA,NA,NA,NA,"NA.119"
NA,NA,NA,NA,NA,"NA.120"
NA,NA,NA,NA,NA,"NA.121"
NA,NA,NA,NA,NA,"NA.122"
NA,NA,NA,NA,NA,"NA.123"
NA,NA,NA,NA,NA,"NA.124"
NA,NA,NA,NA,NA,"NA.125"
NA,NA,NA,NA,NA,"NA.126"
NA,NA,NA,NA,NA,"NA.127"
NA,NA,NA,NA,NA,"NA.128"
NA,NA,NA,NA,NA,"NA.129"
NA,NA,NA,NA,NA,"NA.130"
NA,NA,NA,NA,NA,"NA.131"
NA,NA,NA,NA,NA,"NA.132"
NA,NA,NA,NA,NA,"NA.133"
NA,NA,NA,NA,NA,"NA.134"
NA,NA,NA,NA,NA,"NA.135"
NA,NA,NA,NA,NA,"NA.136"
NA,NA,NA,NA,NA,"NA.137"
NA,NA,NA,NA,NA,"NA.138"
NA,NA,NA,NA,NA,"NA.139"
NA,NA,NA,NA,NA,"NA.140"
NA,NA,NA,NA,NA,"NA.141"
NA,NA,NA,NA,NA,"NA.142"
NA,NA,NA,NA,NA,"NA.143"
NA,NA,NA,NA,NA,"NA.144"
NA,NA,NA,NA,NA,"NA.145"
NA,NA,NA,NA,NA,"NA.146"
NA,NA,NA,NA,NA,"NA.147"
NA,NA,NA,NA,NA,"NA.148"
NA,NA,NA,NA,NA,"NA.149"
NA,NA,NA,NA,NA,"NA.150"
NA,NA,NA,NA,NA,"NA.151"
NA,NA,NA,NA,NA,"NA.152"
NA,NA,NA,NA,NA,"NA.153"
NA,NA,NA,NA,NA,"NA.154"
NA,NA,NA,NA,NA,"NA.155"
NA,NA,NA,NA,NA,"NA.156"
NA,NA,NA,NA,NA,"NA.157"
NA,NA,NA,NA,NA,"NA.158"
NA,NA,NA,NA,NA,"NA.159"
NA,NA,NA,NA,NA,"NA.160"
NA,NA,NA,NA,NA,"NA.161"
NA,NA,NA,NA,NA,"NA.162"
NA,NA,NA,NA,NA,"NA.163"
NA,NA,NA,NA,NA,"NA.164"
NA,NA,NA,NA,NA,"NA.165"
NA,NA,NA,NA,NA,"NA.166"
NA,NA,NA,NA,NA,"NA.167"
NA,NA,NA,NA,NA,"NA.168"
NA,NA,NA,NA,NA,"NA.169"
NA,NA,NA,NA,NA,"NA.170"
NA,NA,NA,NA,NA,"NA.171"
NA,NA,NA,NA,NA,"NA.172"
NA,NA,NA,NA,NA,"NA.173"
NA,NA,NA,NA,NA,"NA.174"
NA,NA,NA,NA,NA,"NA.175"
NA,NA,NA,NA,NA,"NA.176"
NA,NA,NA,NA,NA,"NA.177"
NA,NA,NA,NA,NA,"NA.178"
NA,NA,NA,NA,NA,"NA.179"
NA,NA,NA,NA,NA,"NA.180"
NA,NA,NA,NA,NA,"NA.181"
NA,NA,NA,NA,NA,"NA.182"
NA,NA,NA,NA,NA,"NA.183"
NA,NA,NA,NA,NA,"NA.184"
NA,NA,NA,NA,NA,"NA.185"
NA,NA,NA,NA,NA,"NA.186"
NA,NA,NA,NA,NA,"NA.187"
NA,NA,NA,NA,NA,"NA.188"
NA,NA,NA,NA,NA,"NA.189"
NA,NA,NA,NA,NA,"NA.190"
NA,NA,NA,NA,NA,"NA.191"
NA,NA,NA,NA,NA,"NA.192"
NA,NA,NA,NA,NA,"NA.193"
NA,NA,NA,NA,NA,"NA.194"
NA,NA,NA,NA,NA,"NA.195"
NA,NA,NA,NA,NA,"NA.196"
NA,NA,NA,NA,NA,"NA.197"
NA,NA,NA,NA,NA,"NA.198"
NA,NA,NA,NA,NA,"NA.199"
NA,NA,NA,NA,NA,"NA.200"
NA,NA,NA,NA,NA,"NA.201"
NA,NA,NA,NA,NA,"NA.202"
NA,NA,NA,NA,NA,"NA.203"
NA,NA,NA,NA,NA,"NA.204"
NA,NA,NA,NA,NA,"NA.205"
NA,NA,NA,NA,NA,"NA.206"
NA,NA,NA,NA,NA,"NA.207"
NA,NA,NA,NA,NA,"NA.208"
NA,NA,NA,NA,NA,"NA.209"
NA,NA,NA,NA,NA,"NA.210"
NA,NA,NA,NA,NA,"NA.211"
NA,NA,NA,NA,NA,"NA.212"
NA,NA,NA,NA,NA,"NA.213"
NA,NA,NA,NA,NA,"NA.214"
NA,NA,NA,NA,NA,"NA.215"
NA,NA,NA,NA,NA,"NA.216"
NA,NA,NA,NA,NA,"NA.217"
NA,NA,NA,NA,NA,"NA.218"
NA,NA,NA,NA,NA,"NA.219"
NA,NA,NA,NA,NA,"NA.220"
NA,NA,NA,NA,NA,"NA.221"
NA,NA,NA,NA,NA,"NA.222"
NA,NA,NA,NA,NA,"NA.223"
NA,NA,NA,NA,NA,"NA.224"
NA,NA,NA,NA,NA,"NA.225"
NA,NA,NA,NA,NA,"NA.226"
NA,NA,NA,NA,NA,"NA.227"
NA,NA,NA,NA,NA,"NA.228"
NA,NA,NA,NA,NA,"NA.229"
NA,NA,NA,NA,NA,"NA.230"
NA,NA,NA,NA,NA,"NA.231"
NA,NA,NA,NA,NA,"NA.232"
NA,NA,NA,NA,NA,"NA.233"
NA,NA,NA,NA,NA,"NA.234"
NA,NA,NA,NA,NA,"NA.235"
NA,NA,NA,NA,NA,"NA.236"
NA,NA,NA,NA,NA,"NA.237"
NA,NA,NA,NA,NA,"NA.238"
NA,NA,NA,NA,NA,"NA.239"
NA,NA,NA,NA,NA,"NA.240"
NA,NA,NA,NA,NA,"NA.241"
NA,NA,NA,NA,NA,"NA.242"
NA,NA,NA,NA,NA,"NA.243"
NA,NA,NA,NA,NA,"NA.244"
NA,NA,NA,NA,NA,"NA.245"
NA,NA,NA,NA,NA,"NA.246"
NA,NA,NA,NA,NA,"NA.247"
NA,NA,NA,NA,NA,"NA.248"
NA,NA,NA,NA,NA,"NA.249"
NA,NA,NA,NA,NA,"NA.250"
NA,NA,NA,NA,NA,"NA.251"
NA,NA,NA,NA,NA,"NA.252"
NA,NA,NA,NA,NA,"NA.253"
NA,NA,NA,NA,NA,"NA.254"
NA,NA,NA,NA,NA,"NA.255"
NA,NA,NA,NA,NA,"NA.256"
NA,NA,NA,NA,NA,"NA.257"
NA,NA,NA,NA,NA,"NA.258"
NA,NA,NA,NA,NA,"NA.259"
NA,NA,NA,NA,NA,"NA.260"
NA,NA,NA,NA,NA,"NA.261"
NA,NA,NA,NA,NA,"NA.262"
NA,NA,NA,NA,NA,"NA.263"
NA,NA,NA,NA,NA,"NA.264"
NA,NA,NA,NA,NA,"NA.265"
NA,NA,NA,NA,NA,"NA.266"
NA,NA,NA,NA,NA,"NA.267"
NA,NA,NA,NA,NA,"NA.268"
NA,NA,NA,NA,NA,"NA.269"
NA,NA,NA,NA,NA,"NA.270"
NA,NA,NA,NA,NA,"NA.271"
NA,NA,NA,NA,NA,"NA.272"
NA,NA,NA,NA,NA,"NA.273"
NA,NA,NA,NA,NA,"NA.274"
NA,NA,NA,NA,NA,"NA.275"
NA,NA,NA,NA,NA,"NA.276"
NA,NA,NA,NA,NA,"NA.277"
NA,NA,NA,NA,NA,"NA.278"
NA,NA,NA,NA,NA,"NA.279"
NA,NA,NA,NA,NA,"NA.280"
NA,NA,NA,NA,NA,"NA.281"
NA,NA,NA,NA,NA,"NA.282"
NA,NA,NA,NA,NA,"NA.283"
NA,NA,NA,NA,NA,"NA.284"
NA,NA,NA,NA,NA,"NA.285"
NA,NA,NA,NA,NA,"NA.286"
NA,NA,NA,NA,NA,"NA.287"
NA,NA,NA,NA,NA,"NA.288"
NA,NA,NA,NA,NA,"NA.289"
NA,NA,NA,NA,NA,"NA.290"
NA,NA,NA,NA,NA,"NA.291"
NA,NA,NA,NA,NA,"NA.292"
NA,NA,NA,NA,NA,"NA.293"
NA,NA,NA,NA,NA,"NA.294"
NA,NA,NA,NA,NA,"NA.295"
NA,NA,NA,NA,NA,"NA.296"
NA,NA,NA,NA,NA,"NA.297"
NA,NA,NA,NA,NA,"NA.298"
NA,NA,NA,NA,NA,"NA.299"
NA,NA,NA,NA,NA,"NA.300"
NA,NA,NA,NA,NA,"NA.301"
NA,NA,NA,NA,NA,"NA.302"
NA,NA,NA,NA,NA,"NA.303"
NA,NA,NA,NA,NA,"NA.304"
NA,NA,NA,NA,NA,"NA.305"
NA,NA,NA,NA,NA,"NA.306"
NA,NA,NA,NA,NA,"NA.307"
NA,NA,NA,NA,NA,"NA.308"
NA,NA,NA,NA,NA,"NA.309"
NA,NA,NA,NA,NA,"NA.310"
NA,NA,NA,NA,NA,"NA.311"
NA,NA,NA,NA,NA,"NA.312"
NA,NA,NA,NA,NA,"NA.313"
NA,NA,NA,NA,NA,"NA.314"
NA,NA,NA,NA,NA,"NA.315"
NA,NA,NA,NA,NA,"NA.316"
NA,NA,NA,NA,NA,"NA.317"
NA,NA,NA,NA,NA,"NA.318"
NA,NA,NA,NA,NA,"NA.319"
NA,NA,NA,NA,NA,"NA.320"
NA,NA,NA,NA,NA,"NA.321"
NA,NA,NA,NA,NA,"NA.322"
NA,NA,NA,NA,NA,"NA.323"
NA,NA,NA,NA,NA,"NA.324"
NA,NA,NA,NA,NA,"NA.325"
NA,NA,NA,NA,NA,"NA.326"
NA,NA,NA,NA,NA,"NA.327"
NA,NA,NA,NA,NA,"NA.328"
NA,NA,NA,NA,NA,"NA.329"
NA,NA,NA,NA,NA,"NA.330"
NA,NA,NA,NA,NA,"NA.331"
NA,NA,NA,NA,NA,"NA.332"
NA,NA,NA,NA,NA,"NA.333"
NA,NA,NA,NA,NA,"NA.334"
NA,NA,NA,NA,NA,"NA.335"
NA,NA,NA,NA,NA,"NA.336"
NA,NA,NA,NA,NA,"NA.337"
NA,NA,NA,NA,NA,"NA.338"
NA,NA,NA,NA,NA,"NA.339"
NA,NA,NA,NA,NA,"NA.340"
NA,NA,NA,NA,NA,"NA.341"
NA,NA,NA,NA,NA,"NA.342"
NA,NA,NA,NA,NA,"NA.343"
NA,NA,NA,NA,NA,"NA.344"
NA,NA,NA,NA,NA,"NA.345"
NA,NA,NA,NA,NA,"NA.346"
NA,NA,NA,NA,NA,"NA.347"
NA,NA,NA,NA,NA,"NA.348"
NA,NA,NA,NA,NA,"NA.349"
NA,NA,NA,NA,NA,"NA.350"
NA,NA,NA,NA,NA,"NA.351"
NA,NA,NA,NA,NA,"NA.352"
NA,NA,NA,NA,NA,"NA.353"
NA,NA,NA,NA,NA,"NA.354"
NA,NA,NA,NA,NA,"NA.355"
NA,NA,NA,NA,NA,"NA.356"
NA,NA,NA,NA,NA,"NA.357"
NA,NA,NA,NA,NA,"NA.358"
NA,NA,NA,NA,NA,"NA.359"
NA,NA,NA,NA,NA,"NA.360"
NA,NA,NA,NA,NA,"NA.361"
NA,NA,NA,NA,NA,"NA.362"
NA,NA,NA,NA,NA,"NA.363"
NA,NA,NA,NA,NA,"NA.364"
NA,NA,NA,NA,NA,"NA.365"
NA,NA,NA,NA,NA,"NA.366"
NA,NA,NA,NA,NA,"NA.367"
NA,NA,NA,NA,NA,"NA.368"
NA,NA,NA,NA,NA,"NA.369"
NA,NA,NA,NA,NA,"NA.370"
NA,NA,NA,NA,NA,"NA.371"
NA,NA,NA,NA,NA,"NA.372"
NA,NA,NA,NA,NA,"NA.373"
NA,NA,NA,NA,NA,"NA.374"
NA,NA,NA,NA,NA,"NA.375"
NA,NA,NA,NA,NA,"NA.376"
NA,NA,NA,NA,NA,"NA.377"
NA,NA,NA,NA,NA,"NA.378"
NA,NA,NA,NA,NA,"NA.379"
NA,NA,NA,NA,NA,"NA.380"
NA,NA,NA,NA,NA,"NA.381"
NA,NA,NA,NA,NA,"NA.382"
NA,NA,NA,NA,NA,"NA.383"
NA,NA,NA,NA,NA,"NA.384"
NA,NA,NA,NA,NA,"NA.385"
NA,NA,NA,NA,NA,"NA.386"
NA,NA,NA,NA,NA,"NA.387"
NA,NA,NA,NA,NA,"NA.388"
NA,NA,NA,NA,NA,"NA.389"
NA,NA,NA,NA,NA,"NA.390"
NA,NA,NA,NA,NA,"NA.391"
NA,NA,NA,NA,NA,"NA.392"
NA,NA,NA,NA,NA,"NA.393"
NA,NA,NA,NA,NA,"NA.394"
NA,NA,NA,NA,NA,"NA.395"
NA,NA,NA,NA,NA,"NA.396"
NA,NA,NA,NA,NA,"NA.397"
NA,NA,NA,NA,NA,"NA.398"
NA,NA,NA,NA,NA,"NA.399"
NA,NA,NA,NA,NA,"NA.400"
NA,NA,NA,NA,NA,"NA.401"
NA,NA,NA,NA,NA,"NA.402"
NA,NA,NA,NA,NA,"NA.403"
NA,NA,NA,NA,NA,"NA.404"
NA,NA,NA,NA,NA,"NA.405"
NA,NA,NA,NA,NA,"NA.406"
