"ensembl_id","gene_symbol","log2FoldChange","padj","baseMean"
"ENSG00000139330","KERA",6.52420964876494,8.2212323395183e-08,60.7142857142857
"ENSG00000144278","GALNT13",6.00805908144706,3.26568324272741e-06,29.3714285714286
"ENSG00000056998","GYG2",5.89149547825243,2.5211155210864e-08,728.428571428572
"ENSG00000133317","LGALS12",5.67656791730851,3.23343334599867e-08,445.828571428572
"ENSG00000205076","LGALS7",5.52113800224553,0.00012611446832283,30
"ENSG00000116690","PRG4",5.29282940667888,2.46853627386704e-12,1976.51428571429
"ENSG00000108821","COL1A1",5.14592509417014,2.33656698106805e-08,61727.8
"ENSG00000105509","HAS1",4.97619311515855,9.25314334950452e-05,29.8285714285714
"ENSG00000115884","SDC1",4.77423269497003,9.05867201300398e-06,118.514285714286
"ENSG00000134962","KLB",4.33440471640324,1.27457933458792e-05,214.2
"ENSG00000064886","CHI3L2",4.17315574235607,1.62547893594474e-06,151.2
"ENSG00000111537","IFNG",4.11708713037901,0.00847810541678851,4.34285714285714
"ENSG00000041982","TNC",4.09127474818414,7.89438152139562e-16,2494.51428571429
"ENSG00000087116","ADAMTS2",4.07539451945587,4.24639949883792e-10,1589.8
"ENSG00000123500","COL10A1",4.04689613861451,7.84276764902135e-05,31.4571428571429
"ENSG00000099194","SCD",3.97567583221964,2.08655781855048e-07,11948.2571428571
"ENSG00000179914","ITLN1",3.8752665260886,0.0378820247722197,76.5142857142857
"ENSG00000180767","CHST13",3.87412115217488,0.000289925094211765,11.5714285714286
"ENSG00000082293","COL19A1",3.86107787334399,1.46733221049305e-06,67.5428571428571
"ENSG00000182566","CLEC4G",3.75610236330355,8.4772570873847e-06,29.8571428571429
"ENSG00000133048","CHI3L1",3.73270507730436,9.98488249703418e-06,277.571428571429
"ENSG00000176092","CRYBG2",3.63434180754494,0.00102703590528666,7.82857142857143
"ENSG00000121552","CSTA",3.56995568383601,1.90424259514455e-05,105.971428571429
"ENSG00000066468","FGFR2",3.52613371078549,0.000159487355061489,39.2285714285714
"ENSG00000182601","HS3ST4",3.48398553093497,0.0302782081883909,2.77142857142857
"ENSG00000137801","THBS1",3.48065341368985,1.49793696186925e-13,1443.97142857143
"ENSG00000187955","COL14A1",3.45156766801673,9.11549762019446e-09,4485.62857142857
"ENSG00000105205","CLC",3.41667198484431,0.00857443532201815,49.6857142857143
"ENSG00000179913","B3GNT3",3.41087255084297,0.0422813029096174,2.54285714285714
"ENSG00000133063","CHIT1",3.39587235715455,0.00027304516727199,24.9714285714286
"ENSG00000130035","GALNT8",3.37560575994166,2.04332935809867e-07,60.1714285714286
"ENSG00000186340","THBS2",3.36257021270782,1.11416686649749e-07,1339.17142857143
"ENSG00000173391","OLR1",3.35700628847515,0.0142241839759156,3.57142857142857
"ENSG00000182272","B4GALNT4",3.34567824229331,0.000537873401088856,18.2857142857143
"ENSG00000102265","TIMP1",3.31470309773854,1.11206132089108e-08,2835.85714285714
"ENSG00000141505","ASGR1",3.26972147415089,9.00586636726023e-06,39.2571428571429
"ENSG00000158815","FGF17",3.2681725038009,0.000131407206773202,8.62857142857143
"ENSG00000197635","DPP4",3.24805608933227,2.28191076532233e-07,762.028571428572
"ENSG00000167769","ACER1",3.24585654590127,0.0489494775379625,2.31428571428571
"ENSG00000161944","ASGR2",3.23956937244281,0.000114496862581214,30.7428571428572
"ENSG00000143387","CTSK",3.21455280463291,1.43002543125736e-06,2686.74285714286
"ENSG00000160339","FCN2",3.21092367629185,0.0156063636906716,14.8857142857143
"ENSG00000104921","FCER2",3.14055285809358,6.3015246343577e-05,60.6571428571429
"ENSG00000182050","MGAT4C",3.09228807530111,0.00854647363824042,6
"ENSG00000147257","GPC3",3.07748988430694,1.78813040620303e-06,942.571428571428
"ENSG00000174807","CD248",3.05202746839994,2.69241589146579e-07,4308.34285714286
"ENSG00000166527","CLEC4D",2.99638684656634,0.0203351515430205,11.6285714285714
"ENSG00000180549","FUT7",2.99336636737564,0.00144524848188799,32
"ENSG00000090659","CD209",2.94285744143873,5.26136772660196e-09,307.028571428571
"ENSG00000163736","PPBP",2.93611721050554,0.00365501649617966,171.685714285714
"ENSG00000172986","GXYLT2",2.9141896371326,1.26108946822347e-07,162.2
"ENSG00000139329","LUM",2.89061034402976,2.14537918776144e-06,8668.22857142857
"ENSG00000182492","BGN",2.80855066432594,1.52684921796482e-06,4575.4
"ENSG00000119915","ELOVL3",2.78619705007079,0.000570901732951223,19.5428571428571
"ENSG00000156427","FGF18",2.7825212471241,3.32541957680551e-09,93.6285714285715
"ENSG00000143546","S100A8",2.77447745032685,0.00131504194361404,1318.94285714286
"ENSG00000163220","S100A9",2.74230481857366,0.00335252009161825,3329.91428571428
"ENSG00000257743","MGAM2",2.74032990089919,0.0493568034090084,3.51428571428572
"ENSG00000168350","DEGS2",2.70152396629235,2.92580038918955e-05,22.4285714285714
"ENSG00000076662","ICAM3",2.66098194857497,0.000725321324858242,80.6285714285715
"ENSG00000139629","GALNT6",2.65520775801348,1.60995821044431e-09,66.2285714285714
"ENSG00000131459","GFPT2",2.6153840775349,4.16275695611448e-06,868.8
"ENSG00000160883","HK3",2.60466742967097,4.03638442617366e-05,274.771428571428
"ENSG00000176170","SPHK1",2.59790158321547,3.51998495129224e-06,434.085714285714
"ENSG00000188404","SELL",2.5865522318606,0.00186215486161875,840.914285714286
"ENSG00000105366","SIGLEC8",2.5814080117721,0.000790520640623409,19.6285714285714
"ENSG00000144057","ST6GAL2",2.54284071959291,0.0116411929838844,8.4
"ENSG00000088827","SIGLEC1",2.53347384019911,1.29616255939386e-07,1109.17142857143
"ENSG00000011422","PLAUR",2.53302028777064,6.95282822919447e-07,206.4
"ENSG00000136250","AOAH",2.52222851882391,8.96642188940564e-05,163.857142857143
"ENSG00000174473","GALNTL6",2.5104185191338,0.00138551460501207,27.3428571428571
"ENSG00000122176","FMOD",2.48836874486397,4.80822261572793e-06,3064.37142857143
"ENSG00000105492","SIGLEC6",2.4783320887395,0.00153798216212654,13.4
"ENSG00000116147","TNR",2.47802664547904,0.03085626514917,6.74285714285714
"ENSG00000172987","HPSE2",2.47180367468856,7.92042370249794e-05,49.4
"ENSG00000038427","VCAN",2.46439991930684,2.89402061066659e-07,2457.91428571429
"ENSG00000110876","SELPLG",2.45657748920003,5.62275743909006e-05,562.514285714286
"ENSG00000090382","LYZ",2.42592527789545,0.00101726457401624,2103.68571428571
"ENSG00000077984","CST7",2.42255099783147,0.000449195368925048,107.514285714286
"ENSG00000258227","CLEC5A",2.39317689593933,0.00666369880694615,13.7714285714286
"ENSG00000165140","FBP1",2.38987616830402,5.42008702461342e-05,79.4
"ENSG00000160255","ITGB2",2.38605682532048,0.000123598362796646,1516.82857142857
"ENSG00000132514","CLEC10A",2.38278118653192,8.10687996128146e-07,308.057142857143
"ENSG00000110492","MDK",2.34957135860082,0.000136401847951168,600.285714285714
"ENSG00000260314","MRC1",2.34543516763088,3.19342924948452e-06,911.685714285714
"ENSG00000012124","CD22",2.34338910435227,0.00138551460501207,126.142857142857
"ENSG00000099377","HSD3B7",2.33490533985647,0.000116459513388473,477.942857142857
"ENSG00000136542","GALNT5",2.32803725109595,0.00382753686599874,39.1428571428571
"ENSG00000166523","CLEC4E",2.32765322256632,0.00965842993432229,71.6285714285715
"ENSG00000106633","GCK",2.31179033424595,0.00326399001282082,14.5142857142857
"ENSG00000110811","P3H3",2.30260441422983,3.18200453446123e-05,716.114285714286
"ENSG00000102032","RENBP",2.29098458840882,1.05014122528589e-05,247.4
"ENSG00000197046","SIGLEC15",2.28937489393894,0.0119405503450527,4.42857142857143
"ENSG00000106809","OGN",2.2779120076506,0.000717837520870029,1124.34285714286
"ENSG00000183098","GPC6",2.27264861231552,3.49704179427517e-06,320.285714285714
"ENSG00000135046","ANXA1",2.26173706792721,1.15034035678854e-07,6734.51428571429
"ENSG00000183196","CHST6",2.25423272132684,0.00397615250711773,24.9714285714286
"ENSG00000105383","CD33",2.22948851107837,1.30013159343788e-05,162.8
"ENSG00000035862","TIMP2",2.20873996454812,5.55273402256502e-06,10699.2571428571
"ENSG00000140511","HAPLN3",2.19478874530293,1.15034035678854e-07,454.371428571429
"ENSG00000173083","HPSE",2.19472716299309,0.000881536169268876,64.1142857142857
"ENSG00000118004","COLEC11",2.19143776526321,0.00354699204801491,40.6
"ENSG00000122254","HS3ST2",2.17454111473439,0.000496334616883465,49.3142857142857
"ENSG00000168995","SIGLEC7",2.17287742139974,0.00355948041161016,21.3714285714286
"ENSG00000174502","SLC26A9",-2.17157703138003,0.0308185254479304,280.028571428571
"ENSG00000105472","CLEC11A",2.16473663243821,0.000132606854778058,417.685714285714
"ENSG00000163815","CLEC3B",2.16468163866382,8.45847264634923e-05,3183.48571428571
"ENSG00000198910","L1CAM",2.16420211408687,5.58977239177779e-06,265.2
"ENSG00000007908","SELE",2.15365975016954,0.00036120942823437,15.2857142857143
"ENSG00000198848","CES1",2.15264513462319,0.000122843741884179,664.8
"ENSG00000129450","SIGLEC9",2.14957412304008,0.00311426068143861,54.4
"ENSG00000026508","CD44",2.12858084837958,3.1971078815241e-06,6064.97142857143
"ENSG00000163131","CTSS",2.126857894574,0.000435732992361926,1852.05714285714
"ENSG00000160211","G6PD",2.11710524306375,3.36606925122601e-06,498.4
"ENSG00000106819","ASPN",2.10142645209411,7.89207084479489e-05,2651.34285714286
"ENSG00000162692","VCAM1",2.09658775225745,4.41040670634859e-06,404.685714285714
"ENSG00000168477","TNXB",2.07564781149665,3.57617047041397e-07,15965.6571428571
"ENSG00000136235","GPNMB",2.04282605569787,0.000110113413710085,4766.68571428572
"ENSG00000232810","TNF",2.01918721120103,0.000280364704616617,33
"ENSG00000049089","COL9A2",2.0168573838511,0.000819460665223133,78.6571428571429
"ENSG00000185274","GALNT17",2.01060078600953,0.000492139127269107,240
"ENSG00000156966","B3GNT7",1.99494264563236,9.68063934407844e-05,49.5428571428571
"ENSG00000141934","PLPP2",1.97584651544548,0.0112528725714276,65.5428571428571
"ENSG00000269190","FBXO17",1.95976008447745,1.14661158029946e-05,371.4
"ENSG00000174175","SELP",1.95914229190869,1.89818813793054e-06,244.685714285714
"ENSG00000142512","SIGLEC10",1.9538084473142,0.00628096470887583,98
"ENSG00000157766","ACAN",1.94659811216552,0.00471323745244199,274.485714285714
"ENSG00000171310","CHST11",1.9392177643265,4.15925257938103e-05,185.028571428571
"ENSG00000167123","CERCAM",1.93819849315316,0.000165485084696072,1446.85714285714
"ENSG00000011028","MRC2",1.93586559946396,8.07817802569181e-06,4414.54285714286
"ENSG00000100504","PYGL",1.91085732167468,8.229997235201e-05,804.571428571429
"ENSG00000112053","SLC26A8",1.90393834901417,0.0322729725231475,8.51428571428571
"ENSG00000196468","FGF16",1.89791020684351,0.00535033867035803,32.8571428571429
"ENSG00000163521","GLB1L",1.88200395739762,4.0297283277265e-05,136.8
"ENSG00000176920","FUT2",1.87839977297873,0.00140415402934594,9.45714285714286
"ENSG00000172243","CLEC7A",1.87808801971851,0.00122016378003638,301.628571428571
"ENSG00000237172","B3GNT9",1.86835833234562,8.85928142566146e-07,180.742857142857
"ENSG00000100626","GALNT16",1.86175273148412,3.25386774495839e-06,1113.31428571429
"ENSG00000105894","PTN",1.8556155239159,0.00335252009161825,308.371428571429
"ENSG00000115414","FN1",1.84572941477528,4.163866238386e-06,18515.2571428571
"ENSG00000111796","KLRB1",1.83635338684507,0.0139831937588312,59.8
"ENSG00000124302","CHST8",1.83451959564531,0.0063759634883336,8.6
"ENSG00000136244","IL6",1.818234998779,0.0135273809471906,11.6
"ENSG00000166111","SVOP",1.80884651223634,0.00315247059825832,25.4
"ENSG00000137101","CD72",1.79386119862186,0.00043295033546004,65.7142857142857
"ENSG00000140557","ST8SIA2",1.78701363461524,0.0101489032375749,93.6857142857143
"ENSG00000177990","DPY19L2",1.78338206748838,0.000631051506418435,349.628571428571
"ENSG00000157399","ARSL",1.75430558893541,0.0235629434595916,4.8
"ENSG00000108679","LGALS3BP",1.75301956538177,0.00010052208955278,4060.51428571429
"ENSG00000106003","LFNG",1.75264010702965,0.000676953605402201,845.371428571429
"ENSG00000197093","GAL3ST4",1.75186083403543,8.87696930865519e-05,194.457142857143
"ENSG00000085265","FCN1",1.74831832830421,0.00769802835261958,777.514285714286
"ENSG00000173262","SLC2A14",1.73910987124643,1.90424259514455e-05,57.5714285714286
"ENSG00000161640","SIGLEC11",1.7257864597838,0.00434345977957783,25.8
"ENSG00000011465","DCN",1.71807659457781,0.000109875766891397,52190.8857142857
"ENSG00000100079","LGALS2",1.70712940997682,0.00906219230808166,35.4
"ENSG00000153246","PLA2R1",1.70018168467075,5.58977239177779e-06,219.685714285714
"ENSG00000059804","SLC2A3",1.68382205864746,8.49812063862602e-08,684.514285714286
"ENSG00000127415","IDUA",1.66329904126156,0.000140938482137535,406.314285714286
"ENSG00000128268","MGAT3",1.64968073662074,1.9368890346719e-05,399
"ENSG00000170961","HAS2",1.63372808079833,0.00102737673174502,126.314285714286
"ENSG00000013288","MAN2B2",1.62708822001682,1.33640556272821e-06,968.085714285715
"ENSG00000154736","ADAMTS5",1.62510617913681,0.00135881593792069,894.485714285714
"ENSG00000197496","SLC2A10",1.60667431823341,5.59116471147705e-05,258.914285714286
"ENSG00000158270","COLEC12",1.59963648512694,9.26176746447287e-05,1111.97142857143
"ENSG00000158859","ADAMTS4",1.5918241945022,9.3745598220863e-07,117.942857142857
"ENSG00000145284","SCD5",1.58837603156495,0.000369020903262876,184.428571428571
"ENSG00000005884","ITGA3",1.57889867762669,1.58306943452872e-07,1162.14285714286
"ENSG00000134545","KLRC1",1.57652251486729,0.047443598677055,9.68571428571429
"ENSG00000067057","PFKP",1.57607725669515,3.59931465987529e-07,1225.42857142857
"ENSG00000137573","SULF1",1.55789822574166,0.000288272704113139,1155.91428571429
"ENSG00000169439","SDC2",1.55369046200052,7.04634307294089e-05,2990.34285714286
"ENSG00000117394","SLC2A1",1.54655592993725,0.00127898390159122,223.114285714286
"ENSG00000166473","PKD1L2",1.54279397053668,0.00421338129941334,203.542857142857
"ENSG00000177191","B3GNT8",1.53551097369387,0.000386839644395189,85.2
"ENSG00000110848","CD69",1.53420084725974,0.0478520821815634,24.4857142857143
"ENSG00000090661","CERS4",1.5328435125349,0.000779891076302004,323.142857142857
"ENSG00000119514","GALNT12",1.52497456372021,0.00511756976532131,131.314285714286
"ENSG00000102466","FGF14",1.5074936841018,0.00371278704947439,46.8285714285714
"ENSG00000149294","NCAM1",1.50687806663543,0.00610617416715893,1701.42857142857
"ENSG00000125775","SDCBP2",1.50329250805001,0.000102954566690045,105
"ENSG00000127241","MASP1",-1.50274097859924,7.45596947167525e-05,1359.51428571429
"ENSG00000180801","ARSJ",1.49982384571168,4.3967824707224e-05,53.5714285714286
"ENSG00000172318","B3GALT1",-1.49123403459004,0.0195025781441696,334.371428571429
"ENSG00000002587","HS3ST1",1.48340935712025,0.00884461489924642,62.9142857142857
"ENSG00000006756","ARSD",1.48225774214095,8.5808391838979e-05,340.771428571429
"ENSG00000168961","LGALS9",1.48023569887124,9.70009529645407e-05,653.542857142857
"ENSG00000142102","PGGHG",1.46723104277631,0.00053236763088058,1704.4
"ENSG00000019582","CD74",1.46236485617155,0.000498406923984536,26056.4
"ENSG00000157322","CLEC18A",1.44759494504911,0.00636855295605332,41.0571428571428
"ENSG00000196338","NLGN3",1.43965869812631,0.00209348994454863,47.0571428571429
"ENSG00000111729","CLEC4A",1.43153966187978,0.00155347062098212,102.228571428571
"ENSG00000103888","CEMIP",1.42683830324018,0.00748316365256944,41.4571428571429
"ENSG00000120820","GLT8D2",1.41694741840078,0.000251608419550545,378.6
"ENSG00000111885","MAN1A1",1.41587500832584,1.48412548991344e-05,1635.37142857143
"ENSG00000112297","CRYBG1",1.41286579391347,0.000913335223578643,501.8
"ENSG00000109107","ALDOC",1.3959037361225,0.00186572656366245,351.285714285714
"ENSG00000213420","GPC2",1.38239886810532,0.00168175732139198,52.1142857142857
"ENSG00000167889","MGAT5B",1.38054844884774,0.0369881645988328,14.1714285714286
"ENSG00000236279","CLEC2L",-1.38042889034791,0.0063132074737232,57
"ENSG00000128274","A4GALT",1.37283837836178,0.000140987489437963,1066.02857142857
"ENSG00000109814","UGDH",1.36925829167157,0.000109191567159486,482.6
"ENSG00000090339","ICAM1",1.3689402520462,6.36919817662154e-06,534.028571428571
"ENSG00000103489","XYLT1",1.34910872062284,0.000137360490227306,356.371428571429
"ENSG00000117385","P3H1",1.3480565924244,0.000690072663088106,812.6
"ENSG00000101439","CST3",1.33444592248502,0.00151660458429954,12081.8857142857
"ENSG00000108784","NAGLU",1.33198971562399,0.000978476981673347,828.228571428571
"ENSG00000196562","SULF2",1.32692516169769,0.000394720626013258,2219.68571428571
"ENSG00000159399","HK2",-1.32613794709673,0.0210775190081284,3810.6
"ENSG00000131981","LGALS3",1.32080596688113,0.00125102001134093,5384.28571428571
"ENSG00000176383","B3GNT4",1.32007024834622,0.0155009738646054,10.1142857142857
"ENSG00000149541","B3GAT3",1.31264078631557,0.000423629001437496,621.885714285714
"ENSG00000012660","ELOVL5",1.31028280969472,0.00185827760665867,1815.31428571429
"ENSG00000173950","XXYLT1",1.30965945135178,3.92494824745395e-05,243.114285714286
"ENSG00000066322","ELOVL1",1.30622124984224,9.96192484574691e-05,1043.25714285714
"ENSG00000171451","DSEL",1.29383043156349,8.3969041612688e-06,236.371428571429
"ENSG00000116661","FBXO2",1.28830020052274,0.0105275236013041,53
"ENSG00000111962","UST",1.28395116718081,0.00084252306924145,225
"ENSG00000198108","CHSY3",1.27605100516944,0.00619161261643615,124.571428571429
"ENSG00000161243","FBXO27",1.26316926071675,0.0358046494053706,86.8285714285714
"ENSG00000054219","LY75",1.24546468925477,0.00474914339523144,100.885714285714
"ENSG00000118402","ELOVL4",1.2453305860831,0.0117589781079578,34.1714285714286
"ENSG00000142303","ADAMTS10",1.24522883703908,0.00229728338500309,822.714285714286
"ENSG00000123989","CHPF",1.23811963089487,0.000442441026918382,940.571428571429
"ENSG00000173546","CSPG4",1.2266679828071,0.00013987042537744,2614.82857142857
"ENSG00000119862","LGALSL",-1.22330643462993,0.00140974083448962,3224.88571428571
"ENSG00000106397","PLOD3",1.21861912515288,2.15216319236362e-05,988.857142857143
"ENSG00000175040","CHST2",1.21851901641885,0.000184283289721012,258.971428571429
"ENSG00000139624","CERS5",1.21500534670673,4.01388837330075e-05,703.714285714286
"ENSG00000130958","SLC35D2",1.2127749904697,0.000197490360691381,254.714285714286
"ENSG00000188157","AGRN",1.21256535408465,6.2929992180871e-05,1572.82857142857
"ENSG00000130309","COLGALT1",1.19952708408281,1.214104448393e-05,2062.74285714286
"ENSG00000075624","ACTB",1.19614024735273,0.00027304516727199,45761.2
"ENSG00000158089","GALNT14",1.1919200281866,0.0414170927872504,23.2857142857143
"ENSG00000103044","HAS3",-1.18971753139532,9.56670659354674e-06,105.257142857143
"ENSG00000169992","NLGN2",1.17901396049837,8.70196426234238e-05,1037.62857142857
"ENSG00000174059","CD34",1.17814033493022,0.00205778357548552,10667.6571428571
"ENSG00000158571","PFKFB1",-1.17586249879686,0.0384171753662952,1528.17142857143
"ENSG00000072571","HMMR",-1.17302180072028,0.0109242935939201,29.0285714285714
"ENSG00000077782","FGFR1",1.15827142740552,8.00800180572103e-05,3871.62857142857
"ENSG00000135838","NPL",1.15815804266688,0.000289925094211765,232.542857142857
"ENSG00000177628","GBA1",1.14877947124921,0.000339889371242008,783.857142857143
"ENSG00000138801","PAPSS1",1.14042933508007,0.000353913623197645,614.057142857143
"ENSG00000169299","PGM2",1.12471244104748,4.74203230665472e-05,288.771428571429
"ENSG00000147119","CHST7",1.12400233538902,0.00329533466204379,232.828571428571
"ENSG00000100994","PYGB",1.12396689386415,2.04094851683839e-05,1796.77142857143
"ENSG00000088298","EDEM2",1.12019541409648,0.00185616989427531,351.114285714286
"ENSG00000100097","LGALS1",1.11863416879829,0.00111836681167311,16418.7142857143
"ENSG00000128228","SDF2L1",1.11542017385132,0.00209141031864408,224.571428571429
"ENSG00000147606","SLC26A7",-1.11362421283851,0.00981036635608904,20.3714285714286
"ENSG00000164574","GALNT10",1.1067442145793,1.2956336984092e-05,1027.88571428571
"ENSG00000112149","CD83",1.10627269682196,0.00143972480836914,116.4
"ENSG00000170522","ELOVL6",1.09862524279335,0.0142172493547725,124.457142857143
"ENSG00000152127","MGAT5",1.09141535428523,8.7279172362091e-06,742.257142857143
"ENSG00000104774","MAN2B1",1.08761903792876,0.00292940984953199,1267.71428571429
"ENSG00000261371","PECAM1",1.08205060416124,0.000291035866790543,10921.6571428571
"ENSG00000140285","FGF7",1.07634966691529,0.0198764012925312,572.771428571428
"ENSG00000148288","GBGT1",1.04107018866441,0.000624771715965821,140.542857142857
"ENSG00000065308","TRAM2",1.03897814356442,0.000151537725794608,1133.71428571429
"ENSG00000182197","EXT1",1.03875800402903,3.14674014852703e-05,773.114285714286
"ENSG00000182022","CHST15",1.0348304757635,6.64237357552154e-05,1145.34285714286
"ENSG00000112425","EPM2A",-1.03139643689725,0.038394308994316,3259.17142857143
"ENSG00000169105","CHST14",1.03011114918547,0.000698804130821094,423.485714285714
"ENSG00000118762","PKD2",1.02648910647162,2.08615426539909e-05,1308.45714285714
"ENSG00000069702","TGFBR3",1.01987909025295,0.010238703982749,2252.08571428571
"ENSG00000162066","AMDHD2",1.01094069508217,0.000850380622942538,383.142857142857
"ENSG00000241399","CD302",1.01034033652401,0.00693349873302511,215.085714285714
"ENSG00000196975","ANXA4",1.00579385668062,0.00077633552849368,1399.94285714286
"ENSG00000159164","SV2A",1.00361987818237,0.0257222551778238,65.9428571428572
"ENSG00000090530","P3H2",0.998890071190817,0.00608847392465176,145.657142857143
"ENSG00000008513","ST3GAL1",-0.994920220914317,0.00906511398889629,4464.28571428571
"ENSG00000033100","CHPF2",0.993616388496133,0.00058411209810488,844.428571428571
"ENSG00000164111","ANXA5",0.99130615032927,0.00370191558385382,6908.31428571428
"ENSG00000169255","B3GALNT1",0.987336347848777,0.00349460756169364,181.057142857143
"ENSG00000160326","SLC2A6",0.984573981692428,0.00266610137897883,144.714285714286
"ENSG00000100417","PMM1",0.982597527119012,0.00591109948488281,573.228571428572
"ENSG00000235863","B3GALT4",0.972736941286325,0.00893269377371247,225.057142857143
"ENSG00000104723","TUSC3",0.966066157893988,0.000394720626013258,523.485714285714
"ENSG00000184005","ST6GALNAC3",-0.938513337234453,0.000132150349789192,141.971428571429
"ENSG00000169902","TPST1",0.934496996087841,0.0250722611459219,335.457142857143
"ENSG00000110080","ST3GAL4",0.931848307659575,0.00357825967374704,375.2
"ENSG00000154734","ADAMTS1",0.931479441206212,0.0060458428516838,2152.97142857143
"ENSG00000112699","GMDS",0.930120056284287,0.00551569740613767,221.628571428571
"ENSG00000103056","SMPD3",0.924811736997587,0.00553687362512399,304.428571428571
"ENSG00000134901","POGLUT2",0.924737899961015,0.00600882808690388,127.2
"ENSG00000122862","SRGN",0.919516796195312,0.0210221131075449,1612.17142857143
"ENSG00000176542","USF3",-0.91390417415152,0.0100913421234322,2036.8
"ENSG00000110852","CLEC2B",0.913390388947706,0.00360642197935524,678.171428571428
"ENSG00000068001","HYAL2",0.895243501071277,0.00197148055808974,1108.25714285714
"ENSG00000135506","OS9",0.884152367948651,0.00146513938996128,3981.91428571429
"ENSG00000117643","MAN1C1",0.884042915875224,0.00704197194284869,693.514285714286
"ENSG00000001036","FUCA2",0.878182926099098,0.0113663924508868,676.228571428571
"ENSG00000080200","CRYBG3",-0.876738643880222,0.0433951600858798,956.714285714286
"ENSG00000005893","LAMP2",-0.8732553352355,0.00169926038465302,6490.6
"ENSG00000108479","GALK1",0.870217843448956,0.00863507829452378,359.228571428571
"ENSG00000155008","APOOL",-0.869006739061415,0.0296488428290555,1689.34285714286
"ENSG00000099866","MADCAM1",0.868179355207028,0.0303698523671879,21.8857142857143
"ENSG00000141012","GALNS",0.8544665311394,0.000970899688902606,396.542857142857
"ENSG00000126091","ST3GAL3",-0.851187895831529,0.0153202781814783,2491.48571428571
"ENSG00000100299","ARSA",0.845663756387918,0.00271072012265217,727.6
"ENSG00000103811","CTSH",0.83887964378611,0.0280355985980734,1655.25714285714
"ENSG00000124357","NAGK",0.837311680518584,0.00022615094024333,1680.11428571429
"ENSG00000187210","GCNT1",0.831712421815351,0.0133111100390823,154.371428571429
"ENSG00000162512","SDC3",0.826720845865417,2.36357167257567e-05,1362.45714285714
"ENSG00000150048","CLEC1A",0.82260734846231,0.0263493156157884,227.171428571429
"ENSG00000078124","ACER3",0.821361468920092,0.000586775493786469,525.142857142857
"ENSG00000147408","CSGALNACT1",0.820173654369136,0.00790473205306792,924.257142857143
"ENSG00000100234","TIMP3",0.813209371777289,0.0141062229404389,22626.9714285714
"ENSG00000114480","GBE1",-0.812799052850147,0.041408989914523,5239.25714285714
"ENSG00000185896","LAMP1",0.80521809082091,0.000583420241227694,5152.25714285714
"ENSG00000163281","GNPDA2",-0.80471227020146,0.000122790120224362,682.6
"ENSG00000167004","PDIA3",0.801653224927246,0.00417654219207297,4472.34285714286
"ENSG00000118276","B4GALT6",-0.777284779485672,0.00185323426861314,169.885714285714
"ENSG00000133460","SLC2A11",-0.777241228859689,0.0178061667936545,776.714285714286
"ENSG00000169919","GUSB",0.776021731079495,0.00423493087114646,1380.94285714286
"ENSG00000179218","CALR",0.77548821925791,0.00282489151439531,6401.4
"ENSG00000162407","PLPP3",0.76506055714882,0.0275406722734134,3625.77142857143
"ENSG00000152952","PLOD2",0.762074653390759,0.0081118761860643,595.085714285714
"ENSG00000033170","FUT8",0.758745995914823,0.00895105939064059,338.828571428571
"ENSG00000142864","SERBP1",-0.754635212437195,0.00357860542332509,14023.3714285714
"ENSG00000109323","MANBA",0.754249407902287,0.00323710085582999,595
"ENSG00000137700","SLC37A4",-0.747969732619623,0.036100139172143,1803.74285714286
"ENSG00000131873","CHSY1",0.74349924084958,0.000620904643144127,684.628571428571
"ENSG00000114378","HYAL1",-0.739070236005911,0.00826291674323936,607.571428571429
"ENSG00000166106","ADAMTS15",0.735377262229819,0.00991564454196209,381.114285714286
"ENSG00000109586","GALNT7",0.733840464138142,0.00227382277969038,203.257142857143
"ENSG00000137575","SDCBP",0.733793144426388,0.00223395097220305,4521.82857142857
"ENSG00000181045","SLC26A11",0.730504306846364,0.000437712071430665,393.2
"ENSG00000141959","PFKL",0.729163023775103,0.0181051754849296,3085.65714285714
"ENSG00000169764","UGP2",-0.720194682547778,0.0395670570442775,18498.6285714286
"ENSG00000100060","MFNG",0.714441337526079,0.0250521793979551,632.485714285714
"ENSG00000130956","HABP4",0.712198057074161,4.80637781150339e-05,716.085714285714
"ENSG00000155893","PXYLP1",0.710526160520963,0.00594407888350049,245.257142857143
"ENSG00000172296","SPTLC3",0.707878549034146,0.0273924487977835,106.4
"ENSG00000177239","MAN1B1",0.706777946690822,0.00349717426842492,1724.2
"ENSG00000121897","LIAS",-0.703790392793877,0.0305908713395876,891.514285714286
"ENSG00000095380","NANS",0.699443935206842,0.0043066405919066,423.657142857143
"ENSG00000196371","FUT4",0.695987494949737,0.0115125042629894,153.257142857143
"ENSG00000173852","DPY19L1",0.691853362553492,0.000621811143490414,429.514285714286
"ENSG00000186866","POFUT2",0.691404952925424,0.00148570450907423,893.4
"ENSG00000074695","LMAN1",-0.684704227848287,0.00112125868520434,3447
"ENSG00000109667","SLC2A9",0.672938102199266,0.0122198888012514,57.3428571428571
"ENSG00000100243","CYB5R3",0.666808308200387,0.00204507106452876,9966.91428571429
"ENSG00000181830","SLC35C1",0.665376956634857,0.00946962682367962,495.828571428572
"ENSG00000181523","SGSH",0.665152723555887,0.00550605540349024,817.028571428571
"ENSG00000130175","PRKCSH",0.665129787469815,0.0181674566186049,3379.6
"ENSG00000049239","H6PD",-0.661722644445779,1.99704961667231e-05,4960.14285714286
"ENSG00000139133","ALG10",-0.661487056456724,4.12190154460901e-05,51
"ENSG00000243480","AMY2A",-0.658981063539313,0.013581385070854,453.571428571429
"ENSG00000163389","POGLUT1",0.655051452566757,6.71112512941702e-05,338.885714285714
"ENSG00000129682","FGF13",-0.652347859109251,0.0359140996328315,886.342857142857
"ENSG00000163527","STT3B",-0.649522770198723,0.00109411264661594,4679.37142857143
"ENSG00000113532","ST8SIA4",0.648220038042744,0.0458002947245809,286.285714285714
"ENSG00000012232","EXTL3",-0.645887428171148,0.00437394819182489,1893.82857142857
"ENSG00000170266","GLB1",0.643324652047805,0.00286502620544258,616.8
"ENSG00000110013","SIAE",-0.641245621464423,0.0235721097079009,1315.97142857143
"ENSG00000176022","B3GALT6",0.640178094891751,0.0219849168564512,512.657142857143
"ENSG00000196743","GM2A",0.638442459786632,0.000800973083646335,919.857142857143
"ENSG00000110328","GALNT18",0.638362605720646,0.0119171432186892,509.171428571429
"ENSG00000173402","DAG1",-0.636074111121138,0.0181380713600361,7169.6
"ENSG00000106392","C1GALT1",-0.634435840555528,9.9511960715474e-05,705.428571428571
"ENSG00000136908","DPM2",0.6329479918246,0.0232554657304088,454.2
"ENSG00000102595","UGGT2",0.623167734024667,0.00360961877253241,429.685714285714
"ENSG00000085465","OVGP1",0.620166803797913,0.0481555712829844,156
"ENSG00000111726","CMAS",-0.618256711766169,0.00318194471111798,1406.74285714286
"ENSG00000151665","PIGF",-0.613894305540265,0.00104027426913799,313.885714285714
"ENSG00000148154","UGCG",0.612926706017202,0.00512852513530865,576.542857142857
"ENSG00000170340","B3GNT2",0.607000604622596,0.0234882510594567,366.428571428571
"ENSG00000111670","GNPTAB",-0.606783883042659,0.0366087899436796,1939.8
"ENSG00000070731","ST6GALNAC2",-0.603583186969353,0.0336927135054923,752.428571428571
"ENSG00000178904","DPY19L3",0.602626003855289,0.0121423072100242,491.428571428571
"ENSG00000253710","ALG11",-0.592534235202486,0.0287921441565407,154.914285714286
"ENSG00000197563","PIGN",-0.592001385217127,0.0154394509713649,697.885714285714
"ENSG00000185090","MANEAL",-0.590788584385101,0.0107454346361732,87.7142857142857
"ENSG00000160213","CSTB",0.590436676874274,0.00200028290991886,2058.91428571429
"ENSG00000277161","PIGW",-0.589325347856338,0.00090898332107517,258.114285714286
"ENSG00000128039","SRD5A3",0.579196905096053,0.0410175427743331,279.828571428571
"ENSG00000144591","GMPPA",0.577650087679868,0.00550625297595993,843.914285714286
"ENSG00000107798","LIPA",0.577469619489573,0.0307545958336409,1313.85714285714
"ENSG00000142798","HSPG2",0.571160708378076,0.0255433872402452,14488.2571428571
"ENSG00000141429","GALNT1",-0.568397909671368,0.0091029961700458,2497.2
"ENSG00000151092","NGLY1",-0.566275764101306,0.034392019981079,2047.45714285714
"ENSG00000078369","GNB1",0.565494947970788,0.00440963010055601,5329.82857142857
"ENSG00000160439","RDH13",-0.561693408315833,0.0240024742777014,521.742857142857
"ENSG00000125772","GPCPD1",-0.560803403502479,0.0204502934990693,1673.97142857143
"ENSG00000164023","SGMS2",0.559541628342633,0.0257338554839518,335.828571428571
"ENSG00000240038","AMY2B",-0.557606845788793,0.0240275386258636,2510.42857142857
"ENSG00000100564","PIGH",-0.553329597404972,0.000324889425783618,598.514285714286
"ENSG00000102393","GLA",0.545990125557706,0.0131344769595757,353.314285714286
"ENSG00000133103","COG6",-0.544831617222951,0.00834917289159821,622.685714285714
"ENSG00000135775","COG2",-0.540856777440755,0.000879773986167519,1042.88571428571
"ENSG00000134851","TMEM165",0.539578324458535,0.00319708261322123,1156.42857142857
"ENSG00000007541","PIGQ",0.537587193071801,0.0415579264990487,644.8
"ENSG00000173540","GMPPB",0.534034810392374,0.00189257501594103,508.571428571429
"ENSG00000196968","FUT11",0.521884827291828,0.000910610665410863,494.4
"ENSG00000080189","SLC35C2",0.521038111358003,0.0178419065848649,1185.37142857143
"ENSG00000169223","LMAN2",0.520930993018028,0.0236393557395607,1672.08571428571
"ENSG00000164597","COG5",-0.518090775197544,0.0395333104711649,1080.65714285714
"ENSG00000143418","CERS2",0.511725715196132,0.0130804143720135,1326.57142857143
"ENSG00000000419","DPM1",-0.51171967952626,0.0190225491582209,1222.48571428571
"ENSG00000185808","PIGP",-0.510284512052131,0.0388540021276513,815.914285714286
"ENSG00000138279","ANXA7",-0.50800192773908,0.0141196601723194,6646.22857142857
"ENSG00000122863","CHST3",0.503430294740704,0.045199251665142,938.714285714286
"ENSG00000106692","FKTN",-0.500927888201355,0.0286582743305496,705.942857142857
"ENSG00000160408","ST6GALNAC6",0.49964045640156,0.0184581834501619,3246.45714285714
"ENSG00000175548","ALG10B",-0.480254110027835,0.00588263349467285,341.714285714286
"ENSG00000119537","KDSR",0.477146309483496,0.0350715781858039,1033.2
"ENSG00000116977","LGALS8",0.475002985909624,0.0118338438326816,837.4
"ENSG00000112893","MAN2A1",-0.471050904627759,0.0415203932572417,1438.34285714286
"ENSG00000213614","HEXA",0.4699575420208,0.0355208617109353,1178.71428571429
"ENSG00000115275","MOGS",0.464576807569092,0.01938291610803,1206.11428571429
"ENSG00000131446","MGAT1",0.455813234837605,0.0257646718783576,4286.65714285714
"ENSG00000015532","XYLT2",0.449716798452954,0.022490548519256,647.485714285714
"ENSG00000165102","HGSNAT",0.443662860791175,0.0129000282040877,2541.4
"ENSG00000165282","PIGO",0.431483835707159,0.0131753139361302,453.885714285714
"ENSG00000198951","NAGA",0.428281632467323,0.0489793397309173,738.457142857143
"ENSG00000163933","RFT1",0.426807917749667,0.0107270987127439,297.742857142857
"ENSG00000253797","UTP14C",-0.425883446179119,0.0388663283995939,792.342857142857
"ENSG00000060642","PIGV",0.423210184164458,0.0306350174021294,233.742857142857
"ENSG00000100522","GNPNAT1",-0.422820225775009,0.0235618394975165,435.285714285714
"ENSG00000116199","FAM20B",-0.412477992793742,0.034248984274676,2456.37142857143
"ENSG00000119899","SLC17A5",0.404126890786869,0.0182071889474294,465.8
"ENSG00000100596","SPTLC2",0.403600944306231,0.0462956446820977,1078.48571428571
"ENSG00000181027","FKRP",-0.400212617297225,0.0380417853820514,756.057142857143
"ENSG00000151348","EXT2",0.394976968316242,0.0138851177540393,1434.88571428571
"ENSG00000089597","GANAB",0.389933949595139,0.00331926148720088,4539.94285714286
"ENSG00000204386","NEU1",0.387761031954738,0.0163060814394205,907.742857142857
"ENSG00000128294","TPST2",-0.382580273752118,0.0187196867667673,1109.28571428571
"ENSG00000142892","PIGK",-0.380085763714555,0.00226136915648186,791.028571428571
"ENSG00000064601","CTSA",0.3792292901785,0.0297515944865739,2412.17142857143
"ENSG00000134910","STT3A",0.37740463275822,0.0160646773464263,1589.31428571429
"ENSG00000139684","ESD",-0.375433722568001,0.00139529589121631,3509.37142857143
"ENSG00000156162","DPY19L4",-0.367536201128225,0.0310543470221064,757.114285714286
"ENSG00000163964","PIGX",-0.362799897767147,0.0288737061188611,742.457142857143
"ENSG00000108055","SMC3",-0.362052164113375,0.0217014039908573,1500.74285714286
"ENSG00000172269","DPAGT1",0.344890230255475,0.0283322609702292,502.914285714286
"ENSG00000104763","ASAH1",-0.34395955772184,0.033593578263258,5971.11428571429
"ENSG00000189403","HMGB1",-0.328253823943254,0.000376849303320736,12762.2857142857
"ENSG00000068912","ERLEC1",-0.317838921473087,0.00123728213036161,1731.94285714286
"ENSG00000151233","GXYLT1",-0.307386085300367,0.0380417853820514,431.857142857143
"ENSG00000174684","B4GAT1",-0.305722635546251,0.0218586092093288,1102.2
"ENSG00000102100","SLC35A2",0.294950665673655,0.0465700756960709,302.514285714286
"ENSG00000161013","MGAT4B",0.288491400253777,0.0455376684513373,1536.62857142857
"ENSG00000022277","RTF2",-0.288455811253753,0.01984129343293,3683.8
"ENSG00000121964","GTDC1",-0.283557943543229,0.0495782233722116,860.628571428571
"ENSG00000118600","RXYLT1",-0.283179482380551,0.0444369379792003,485.6
"ENSG00000136152","COG3",-0.282392309600358,0.00129194750394664,882.857142857143
"ENSG00000166685","COG1",-0.277613948945224,0.0478275885862183,1455.68571428571
"ENSG00000086848","ALG9",-0.259252150516649,0.048289178519727,334.714285714286
"ENSG00000116406","EDEM3",NA,NA,1247.71428571429
"ENSG00000134216","CHIA",NA,NA,1.31428571428571
"ENSG00000135048","CEMIP2",NA,NA,824.114285714286
"ENSG00000054983","GALC",NA,NA,805.828571428571
"ENSG00000179163","FUCA1",NA,NA,873.942857142857
"ENSG00000162688","AGL",NA,NA,28226.1428571429
"ENSG00000115850","LCT",NA,NA,1.37142857142857
"ENSG00000171298","GAA",NA,NA,2836.68571428571
"ENSG00000198408","OGA",NA,NA,5626.82857142857
"ENSG00000164976","MYORG",NA,NA,4264.51428571429
"ENSG00000167280","ENGASE",NA,NA,4003.91428571429
"ENSG00000106302","HYAL4",NA,NA,313.171428571429
"ENSG00000106304","SPAM1",NA,NA,21.0571428571429
"ENSG00000186792","HYAL3",NA,NA,30.8571428571429
"ENSG00000169660","HEXD",NA,NA,1109.42857142857
"ENSG00000144214","LYG1",NA,NA,37.9142857142857
"ENSG00000204099","NEU4",NA,NA,112.542857142857
"ENSG00000162139","NEU3",NA,NA,1948
"ENSG00000118094","TREH",NA,NA,3.6
"ENSG00000172469","MANEA",NA,NA,250.485714285714
"ENSG00000171489","SPACA5",NA,NA,2
"ENSG00000171478","SPACA5B",NA,NA,1.74285714285714
"ENSG00000133116","KL",NA,NA,197.914285714286
"ENSG00000049860","HEXB",NA,NA,1724.02857142857
"ENSG00000214013","GANC",NA,NA,963.885714285714
"ENSG00000149328","GLB1L2",NA,NA,63.6
"ENSG00000166105","GLB1L3",NA,NA,2.74285714285714
"ENSG00000257335","MGAM",NA,NA,126.885714285714
"ENSG00000196547","MAN2A2",NA,NA,4360.4
"ENSG00000070610","GBA2",NA,NA,3774.51428571429
"ENSG00000249948","GBA3",NA,NA,0.685714285714286
"ENSG00000185674","LYG2",NA,NA,0.8
"ENSG00000140400","MAN2C1",NA,NA,3330.97142857143
"ENSG00000198162","MAN1A2",NA,NA,1352.6
"ENSG00000117151","CTBS",NA,NA,367.6
"ENSG00000168003","SLC3A2",NA,NA,2173.11428571429
"ENSG00000177830","CHID1",NA,NA,1312.6
"ENSG00000134109","EDEM1",NA,NA,804.742857142857
"ENSG00000188501","LCTL",NA,NA,7.85714285714286
"ENSG00000251287","ALG1L2",NA,NA,3.57142857142857
"ENSG00000147162","OGT",NA,NA,8843.77142857143
"ENSG00000101638","ST8SIA5",NA,NA,409.542857142857
"ENSG00000177511","ST8SIA3",NA,NA,0.228571428571429
"ENSG00000158470","B4GALT5",NA,NA,3210.6
"ENSG00000162630","B3GALT2",NA,NA,19.2857142857143
"ENSG00000158850","B4GALT3",NA,NA,626.514285714286
"ENSG00000121578","B4GALT4",NA,NA,378.657142857143
"ENSG00000117411","B4GALT2",NA,NA,2306.62857142857
"ENSG00000213759","UGT2B11",NA,NA,0.828571428571428
"ENSG00000197888","UGT2B17",NA,NA,1.85714285714286
"ENSG00000140297","GCNT3",NA,NA,7.54285714285714
"ENSG00000133424","LARGE1",NA,NA,2428.97142857143
"ENSG00000163902","RPN1",NA,NA,3652.88571428571
"ENSG00000156096","UGT2B4",NA,NA,5.02857142857143
"ENSG00000068976","PYGM",NA,NA,179662.742857143
"ENSG00000104812","GYS1",NA,NA,16661.6857142857
"ENSG00000086062","B4GALT1",NA,NA,1736.02857142857
"ENSG00000073849","ST6GAL1",NA,NA,1518.42857142857
"ENSG00000175164","ABO",NA,NA,216.457142857143
"ENSG00000167165","UGT1A6",NA,NA,0
"ENSG00000174951","FUT1",NA,NA,152.028571428571
"ENSG00000171124","FUT3",NA,NA,1.68571428571429
"ENSG00000165195","PIGA",NA,NA,238.942857142857
"ENSG00000163754","GYG1",NA,NA,14420.8857142857
"ENSG00000156413","FUT6",NA,NA,0.828571428571429
"ENSG00000070614","NDST1",NA,NA,3502.2
"ENSG00000111713","GYS2",NA,NA,43.7142857142857
"ENSG00000196620","UGT2B15",NA,NA,0.514285714285714
"ENSG00000148488","ST8SIA6",NA,NA,32.3428571428571
"ENSG00000129562","DAD1",NA,NA,2359.45714285714
"ENSG00000135454","B4GALNT1",NA,NA,404.942857142857
"ENSG00000168282","MGAT2",NA,NA,43.9714285714286
"ENSG00000143641","GALNT2",NA,NA,3003.68571428571
"ENSG00000115339","GALNT3",NA,NA,40.8
"ENSG00000157350","ST3GAL2",NA,NA,1379.28571428571
"ENSG00000174607","UGT8",NA,NA,216.914285714286
"ENSG00000168671","UGT3A2",NA,NA,0.942857142857143
"ENSG00000163378","EOGT",NA,NA,1335.2
"ENSG00000175711","B3GNTL1",NA,NA,218.885714285714
"ENSG00000016864","GLT8D1",NA,NA,1064.51428571429
"ENSG00000139044","B4GALNT3",NA,NA,374.514285714286
"ENSG00000145626","UGT3A1",NA,NA,502.628571428571
"ENSG00000189212","DPY19L2P1",NA,NA,16.4285714285714
"ENSG00000172728","FUT10",NA,NA,92.2857142857143
"ENSG00000187676","B3GLCT",NA,NA,327.485714285714
"ENSG00000198488","B3GNT6",NA,NA,1.02857142857143
"ENSG00000170629","DPY19L2P2",NA,NA,61.8285714285714
"ENSG00000124091","GCNT7",NA,NA,2.31428571428571
"ENSG00000178202","POGLUT3",NA,NA,1133.34285714286
"ENSG00000119227","PIGZ",NA,NA,393.914285714286
"ENSG00000198756","COLGALT2",NA,NA,861.514285714286
"ENSG00000111846","GCNT2",NA,NA,128.485714285714
"ENSG00000131386","GALNT15",NA,NA,1499.22857142857
"ENSG00000165905","LARGE2",NA,NA,11.8
"ENSG00000257594","GALNT4",NA,NA,4.85714285714286
"ENSG00000169826","CSGALNACT2",NA,NA,1152.88571428571
"ENSG00000144647","POMGNT2",NA,NA,848.085714285714
"ENSG00000162885","B3GALNT2",NA,NA,1022.97142857143
"ENSG00000178234","GALNT11",NA,NA,1514.77142857143
"ENSG00000167080","B4GALNT2",NA,NA,0.628571428571429
"ENSG00000085998","POMGNT1",NA,NA,3092.85714285714
"ENSG00000111728","ST8SIA1",NA,NA,90.4857142857143
"ENSG00000069943","PIGB",NA,NA,159.771428571429
"ENSG00000135845","PIGC",NA,NA,602.2
"ENSG00000214160","ALG3",NA,NA,637.057142857143
"ENSG00000158008","EXTL1",NA,NA,1831.11428571429
"ENSG00000172339","ALG14",NA,NA,182.942857142857
"ENSG00000151948","GLT1D1",NA,NA,495.685714285714
"ENSG00000132581","SDF2",NA,NA,801.885714285714
"ENSG00000033011","ALG1",NA,NA,246.228571428571
"ENSG00000182858","ALG12",NA,NA,258.457142857143
"ENSG00000117069","ST6GALNAC5",NA,NA,8.42857142857143
"ENSG00000159063","ALG8",NA,NA,349.971428571429
"ENSG00000176597","B3GNT5",NA,NA,1800.02857142857
"ENSG00000143315","PIGM",NA,NA,168.114285714286
"ENSG00000101346","POFUT1",NA,NA,1444.74285714286
"ENSG00000136840","ST6GALNAC4",NA,NA,679.714285714286
"ENSG00000119523","ALG2",NA,NA,529.171428571429
"ENSG00000182870","GALNT9",NA,NA,1.62857142857143
"ENSG00000101901","ALG13",NA,NA,820.771428571428
"ENSG00000112309","B3GAT2",NA,NA,30.5428571428571
"ENSG00000070526","ST6GALNAC1",NA,NA,88.2285714285714
"ENSG00000136731","UGGT1",NA,NA,2462.65714285714
"ENSG00000176928","GCNT4",NA,NA,85.6285714285714
"ENSG00000109956","B3GAT1",NA,NA,19.3142857142857
"ENSG00000162694","EXTL2",NA,NA,439.714285714286
"ENSG00000027847","B4GALT7",NA,NA,656.971428571429
"ENSG00000009830","POMT2",NA,NA,799.857142857143
"ENSG00000071073","MGAT4A",NA,NA,523.2
"ENSG00000118017","A4GNT",NA,NA,2
"ENSG00000115525","ST3GAL5",NA,NA,1025.71428571429
"ENSG00000172461","FUT9",NA,NA,2.11428571428571
"ENSG00000064225","ST3GAL6",NA,NA,815.971428571429
"ENSG00000183778","B3GALT5",NA,NA,14.4857142857143
"ENSG00000169733","RFNG",NA,NA,1371.65714285714
"ENSG00000088035","ALG6",NA,NA,287.457142857143
"ENSG00000120697","ALG5",NA,NA,469.542857142857
"ENSG00000130714","POMT1",NA,NA,1676.85714285714
"ENSG00000184389","A3GALT2",NA,NA,0.742857142857143
"ENSG00000173610","UGT2A1",NA,NA,0.2
"ENSG00000171155","C1GALT1C1",NA,NA,413.457142857143
"ENSG00000187733","AMY1C",NA,NA,417.457142857143
"ENSG00000138079","SLC3A1",NA,NA,14.2285714285714
"ENSG00000075340","ADD2",NA,NA,122.342857142857
"ENSG00000141316","SPACA3",NA,NA,1.68571428571429
"ENSG00000118804","STBD1",NA,NA,1009.97142857143
"ENSG00000049769","PPP1R3F",NA,NA,956.542857142857
"ENSG00000119938","PPP1R3C",NA,NA,28262.7714285714
"ENSG00000154415","PPP1R3A",NA,NA,9683.57142857143
"ENSG00000173281","PPP1R3B",NA,NA,9246.88571428571
"ENSG00000087085","ACHE",NA,NA,4619.51428571429
"ENSG00000114771","AADAC",NA,NA,37.6285714285714
"ENSG00000114200","BCHE",NA,NA,129.542857142857
"ENSG00000170835","CEL",NA,NA,38.6285714285714
"ENSG00000172828","CES3",NA,NA,1057.85714285714
"ENSG00000172831","CES2",NA,NA,2036.28571428571
"ENSG00000164062","APEH",NA,NA,3825.57142857143
"ENSG00000165246","NLGN4Y",NA,NA,71.5428571428571
"ENSG00000146938","NLGN4X",NA,NA,50.5142857142857
"ENSG00000144959","NCEH1",NA,NA,480.8
"ENSG00000175497","DPP10",NA,NA,2.74285714285714
"ENSG00000159398","CES5A",NA,NA,0.4
"ENSG00000185269","NOTUM",NA,NA,146.342857142857
"ENSG00000132692","BCAN",NA,NA,19.5142857142857
"ENSG00000130287","NCAN",NA,NA,0.685714285714286
"ENSG00000205846","CLEC6A",NA,NA,0.514285714285714
"ENSG00000104938","CLEC4M",NA,NA,0.857142857142857
"ENSG00000152672","CLEC4F",NA,NA,21.4285714285714
"ENSG00000116031","CD207",NA,NA,3.57142857142857
"ENSG00000198178","CLEC4C",NA,NA,0.714285714285715
"ENSG00000187912","CLEC17A",NA,NA,8.22857142857143
"ENSG00000184374","COLEC10",NA,NA,0.2
"ENSG00000133661","SFTPD",NA,NA,9.14285714285714
"ENSG00000168878","SFTPB",NA,NA,1.88571428571429
"ENSG00000185303","SFTPA2",NA,NA,0.714285714285714
"ENSG00000134539","KLRD1",NA,NA,99.8857142857143
"ENSG00000165682","CLEC1B",NA,NA,8.22857142857143
"ENSG00000139187","KLRG1",NA,NA,70.7428571428571
"ENSG00000205809","KLRC2",NA,NA,3.77142857142857
"ENSG00000213809","KLRK1",NA,NA,17.8857142857143
"ENSG00000205810","KLRC3",NA,NA,1.28571428571429
"ENSG00000069493","CLEC2D",NA,NA,463
"ENSG00000256660","CLEC12B",NA,NA,8.34285714285714
"ENSG00000172322","CLEC12A",NA,NA,82.1142857142857
"ENSG00000197992","CLEC9A",NA,NA,6.77142857142857
"ENSG00000150045","KLRF1",NA,NA,29.8
"ENSG00000134193","REG4",NA,NA,0.142857142857143
"ENSG00000204381","LAYN",NA,NA,265.285714285714
"ENSG00000154645","CHODL",NA,NA,87.6857142857143
"ENSG00000166509","CLEC3A",NA,NA,2.17142857142857
"ENSG00000008710","PKD1",NA,NA,11380.4857142857
"ENSG00000088812","ATRN",NA,NA,1806.85714285714
"ENSG00000107518","ATRNL1",NA,NA,190.971428571429
"ENSG00000186652","PRG2",NA,NA,5.8
"ENSG00000070413","DGCR2",NA,NA,2232.42857142857
"ENSG00000125810","CD93",NA,NA,6055.94285714286
"ENSG00000178726","THBD",NA,NA,1701.62857142857
"ENSG00000176435","CLEC14A",NA,NA,2507.77142857143
"ENSG00000108622","ICAM2",NA,NA,525.028571428571
"ENSG00000154654","NCAM2",NA,NA,84.4
"ENSG00000182985","CADM1",NA,NA,555.485714285714
"ENSG00000105695","MAG",NA,NA,4.65714285714286
"ENSG00000268500","SIGLEC5",NA,NA,0.257142857142857
"ENSG00000254521","SIGLEC12",NA,NA,2.31428571428571
"ENSG00000127022","CANX",NA,NA,8107.68571428571
"ENSG00000153132","CLGN",NA,NA,34.4
"ENSG00000269058","CALR3",NA,NA,0.314285714285714
"ENSG00000171747","LGALS4",NA,NA,62.2285714285714
"ENSG00000275572","GRIFIN",NA,NA,0.942857142857143
"ENSG00000006659","LGALS14",NA,NA,0.257142857142857
"ENSG00000170298","LGALS9B",NA,NA,3.77142857142857
"ENSG00000171916","LGALS9C",NA,NA,11.7142857142857
"ENSG00000204347","BTBD17",NA,NA,0.6
"ENSG00000003056","M6PR",NA,NA,1208.4
"ENSG00000197081","IGF2R",NA,NA,8243.17142857143
"ENSG00000090581","GNPTG",NA,NA,1531.31428571429
"ENSG00000140506","LMAN1L",NA,NA,0.628571428571429
"ENSG00000114988","LMAN2L",NA,NA,804.914285714286
"ENSG00000116663","FBXO6",NA,NA,501.485714285714
"ENSG00000132879","FBXO44",NA,NA,475.542857142857
"ENSG00000142748","FCN3",NA,NA,46.6571428571429
"ENSG00000158473","CD1D",NA,NA,103.914285714286
"ENSG00000143412","ANXA9",NA,NA,65.4571428571429
"ENSG00000148702","HABP2",NA,NA,45.7428571428571
"ENSG00000163221","S100A12",NA,NA,72.0857142857143
"ENSG00000009724","MASP2",NA,NA,149.314285714286
"ENSG00000158764","ITLN2",NA,NA,1.54285714285714
"ENSG00000159921","GNE",NA,NA,756.428571428571
"ENSG00000254685","FPGT",NA,NA,290.514285714286
"ENSG00000213930","GALT",NA,NA,918.057142857143
"ENSG00000104522","GFUS",NA,NA,755.114285714286
"ENSG00000113552","GNPDA1",NA,NA,1086.31428571429
"ENSG00000105220","GPI",NA,NA,14952.1428571429
"ENSG00000198380","GFPT1",NA,NA,1850.05714285714
"ENSG00000156515","HK1",NA,NA,6550.74285714286
"ENSG00000138030","KHK",NA,NA,118.085714285714
"ENSG00000198682","PAPSS2",NA,NA,609.6
"ENSG00000140650","PMM2",NA,NA,136.285714285714
"ENSG00000117143","UAP1",NA,NA,2270.48571428571
"ENSG00000117308","GALE",NA,NA,210.114285714286
"ENSG00000115652","UXS1",NA,NA,1145.34285714286
"ENSG00000156958","GALK2",NA,NA,355.571428571429
"ENSG00000204628","RACK1",NA,NA,28743.4285714286
"ENSG00000164068","RNF123",NA,NA,5980.6
"ENSG00000013375","PGM3",NA,NA,582.8
"ENSG00000131482","G6PC1",NA,NA,0.771428571428571
"ENSG00000079739","PGM1",NA,NA,31512.6571428571
"ENSG00000205309","NT5M",NA,NA,340
"ENSG00000178802","MPI",NA,NA,1715.88571428571
"ENSG00000157353","FCSK",NA,NA,668.742857142857
"ENSG00000159348","CYB5R1",NA,NA,18183
"ENSG00000164414","SLC35A1",NA,NA,300.742857142857
"ENSG00000121073","SLC35B1",NA,NA,1859.91428571429
"ENSG00000117620","SLC35A3",NA,NA,579.057142857143
"ENSG00000155850","SLC26A2",NA,NA,545.6
"ENSG00000142583","SLC2A5",NA,NA,3019.91428571429
"ENSG00000205060","SLC35B4",NA,NA,417.571428571429
"ENSG00000136856","SLC2A8",NA,NA,1009.82857142857
"ENSG00000181856","SLC2A4",NA,NA,10180.8
"ENSG00000100170","SLC5A1",NA,NA,20.4285714285714
"ENSG00000139433","GLTP",NA,NA,908.628571428571
"ENSG00000146411","SLC2A12",NA,NA,233.6
"ENSG00000157593","SLC35B2",NA,NA,1083.4
"ENSG00000116704","SLC35D1",NA,NA,689.142857142857
"ENSG00000124786","SLC35B3",NA,NA,411.6
"ENSG00000182747","SLC35D3",NA,NA,0.828571428571429
"ENSG00000145217","SLC26A1",NA,NA,56.5428571428571
"ENSG00000091138","SLC26A3",NA,NA,1.11428571428571
"ENSG00000091137","SLC26A4",NA,NA,38.7428571428571
"ENSG00000225697","SLC26A6",NA,NA,680.457142857143
"ENSG00000151229","SLC2A13",NA,NA,148.628571428571
"ENSG00000176087","SLC35A4",NA,NA,3836.65714285714
"ENSG00000138459","SLC35A5",NA,NA,563.2
"ENSG00000140675","SLC5A2",NA,NA,2.91428571428571
"ENSG00000100191","SLC5A4",NA,NA,16.2857142857143
"ENSG00000170615","SLC26A5",NA,NA,4.65714285714286
"ENSG00000040531","CTNS",NA,NA,505.171428571429
"ENSG00000100604","CHGA",NA,NA,0.685714285714286
"ENSG00000152556","PFKM",NA,NA,44574.3714285714
"ENSG00000088451","TGDS",NA,NA,213.857142857143
"ENSG00000136872","ALDOB",NA,NA,6.28571428571429
"ENSG00000154330","PGM5",NA,NA,2823.14285714286
"ENSG00000130957","FBP2",NA,NA,9046.71428571429
"ENSG00000123836","PFKFB2",NA,NA,2964.28571428571
"ENSG00000170525","PFKFB3",NA,NA,3247.71428571429
"ENSG00000152254","G6PC2",NA,NA,3
"ENSG00000085662","AKR1B1",NA,NA,8027.68571428571
"ENSG00000140263","SORD",NA,NA,325.285714285714
"ENSG00000149925","ALDOA",NA,NA,271698.371428571
"ENSG00000111669","TPI1",NA,NA,43304.5142857143
"ENSG00000113273","ARSB",NA,NA,342.342857142857
"ENSG00000101846","STS",NA,NA,631.371428571429
"ENSG00000141337","ARSG",NA,NA,254.457142857143
"ENSG00000183876","ARSI",NA,NA,64
"ENSG00000164291","ARSK",NA,NA,140.085714285714
"ENSG00000010404","IDS",NA,NA,3395.8
"ENSG00000135677","GNS",NA,NA,3662
"ENSG00000112137","PHACTR1",NA,NA,138.485714285714
"ENSG00000136213","CHST12",NA,NA,719.428571428571
"ENSG00000128242","GAL3ST1",NA,NA,34.6285714285714
"ENSG00000154252","GAL3ST2",NA,NA,1.8
"ENSG00000140835","CHST4",NA,NA,0.314285714285714
"ENSG00000135702","CHST5",NA,NA,4.42857142857143
"ENSG00000153936","HS2ST1",NA,NA,545.085714285714
"ENSG00000125430","HS3ST3B1",NA,NA,51.0857142857143
"ENSG00000136720","HS6ST1",NA,NA,1555.54285714286
"ENSG00000171004","HS6ST2",NA,NA,237.771428571429
"ENSG00000185352","HS6ST3",NA,NA,33.7714285714286
"ENSG00000175264","CHST1",NA,NA,151.885714285714
"ENSG00000166507","NDST2",NA,NA,70.9714285714286
"ENSG00000164100","NDST3",NA,NA,1.25714285714286
"ENSG00000138653","NDST4",NA,NA,0.885714285714285
"ENSG00000153976","HS3ST3A1",NA,NA,11.0571428571429
"ENSG00000154080","CHST9",NA,NA,23.8857142857143
"ENSG00000115526","CHST10",NA,NA,332.742857142857
"ENSG00000249853","HS3ST5",NA,NA,198.057142857143
"ENSG00000175229","GAL3ST3",NA,NA,19.4
"ENSG00000090054","SPTLC1",NA,NA,651
"ENSG00000223802","CERS1",NA,NA,136.685714285714
"ENSG00000172292","CERS6",NA,NA,340.257142857143
"ENSG00000143753","DEGS1",NA,NA,1392.82857142857
"ENSG00000198964","SGMS1",NA,NA,719.314285714286
"ENSG00000063176","SPHK2",NA,NA,345.314285714286
"ENSG00000166224","SGPL1",NA,NA,741.228571428572
"ENSG00000100422","CERK",NA,NA,1473.28571428571
"ENSG00000113163","CERT1",NA,NA,1824.17142857143
"ENSG00000188611","ASAH2",NA,NA,206.171428571429
"ENSG00000197977","ELOVL2",NA,NA,74.9714285714286
"ENSG00000144115","THNSL2",NA,NA,1600.94285714286
"ENSG00000067113","PLPP1",NA,NA,2053.34285714286
"ENSG00000163082","SGPP2",NA,NA,24.1428571428571
"ENSG00000184831","APOO",NA,NA,796.657142857143
"ENSG00000154227","CERS3",NA,NA,3.22857142857143
"ENSG00000166311","SMPD1",NA,NA,1462.85714285714
"ENSG00000038002","AGA",NA,NA,368.857142857143
"ENSG00000063660","GPC1",NA,NA,6702.65714285714
"ENSG00000076716","GPC4",NA,NA,1442.11428571429
"ENSG00000179399","GPC5",NA,NA,1.05714285714286
"ENSG00000124145","SDC4",NA,NA,2297.42857142857
"ENSG00000114646","CSPG5",NA,NA,20.0571428571429
"ENSG00000164690","SHH",NA,NA,1.22857142857143
"ENSG00000111817","DSE",NA,NA,984.8
"ENSG00000117601","SERPINC1",NA,NA,3.31428571428571
"ENSG00000106278","PTPRZ1",NA,NA,25.1714285714286
"ENSG00000083782","EPYC",NA,NA,1.08571428571429
"ENSG00000145681","HAPLN1",NA,NA,0.457142857142857
"ENSG00000132702","HAPLN2",NA,NA,31.9142857142857
"ENSG00000152377","SPOCK1",NA,NA,914.057142857143
"ENSG00000107742","SPOCK2",NA,NA,772.285714285714
"ENSG00000196104","SPOCK3",NA,NA,9.65714285714286
"ENSG00000157703","SVOPL",NA,NA,1.85714285714286
"ENSG00000164283","ESM1",NA,NA,54.4
"ENSG00000138604","GLCE",NA,NA,711.885714285714
"ENSG00000113578","FGF1",NA,NA,251.742857142857
"ENSG00000138685","FGF2",NA,NA,437.914285714286
"ENSG00000138675","FGF5",NA,NA,370.885714285714
"ENSG00000107831","FGF8",NA,NA,1
"ENSG00000102678","FGF9",NA,NA,96.6285714285714
"ENSG00000070193","FGF10",NA,NA,45.4285714285714
"ENSG00000161958","FGF11",NA,NA,27.5714285714286
"ENSG00000114279","FGF12",NA,NA,85.4857142857143
"ENSG00000162344","FGF19",NA,NA,0.714285714285714
"ENSG00000078579","FGF20",NA,NA,0.685714285714286
"ENSG00000105550","FGF21",NA,NA,6
"ENSG00000118972","FGF23",NA,NA,2.45714285714286
"ENSG00000111241","FGF6",NA,NA,174.514285714286
"ENSG00000070388","FGF22",NA,NA,15.4571428571429
"ENSG00000068078","FGFR3",NA,NA,48
"ENSG00000160867","FGFR4",NA,NA,352.142857142857
"ENSG00000129255","MPDU1",NA,NA,733.8
"ENSG00000179085","DPM3",NA,NA,466.371428571429
"ENSG00000244038","DDOST",NA,NA,2681
"ENSG00000118705","RPN2",NA,NA,4068.25714285714
"ENSG00000175283","DOLK",NA,NA,362.6
"ENSG00000228474","OST4",NA,NA,2986.51428571429
"ENSG00000197858","GPAA1",NA,NA,2955.22857142857
"ENSG00000124155","PIGT",NA,NA,3063.25714285714
"ENSG00000101464","PIGU",NA,NA,536
"ENSG00000087111","PIGS",NA,NA,1795.37142857143
"ENSG00000108474","PIGL",NA,NA,348.085714285714
"ENSG00000112293","GPLD1",NA,NA,80.3714285714286
"ENSG00000174227","PIGG",NA,NA,1101.34285714286
"ENSG00000197121","PGAP1",NA,NA,358.6
"ENSG00000103051","COG4",NA,NA,2929.31428571429
"ENSG00000168434","COG7",NA,NA,615.228571428572
"ENSG00000213380","COG8",NA,NA,722.085714285714
"ENSG00000083444","PLOD1",NA,NA,2893.45714285714
"ENSG00000103174","NAGPA",NA,NA,365.771428571429
"ENSG00000054148","PHPT1",NA,NA,4293.77142857143
"ENSG00000174444","RPL4",NA,NA,54102.3714285714
"ENSG00000111640","GAPDH",NA,NA,299757.914285714
"ENSG00000134917","ADAMTS8",NA,NA,171.6
"ENSG00000163638","ADAMTS9",NA,NA,862.228571428572
"ENSG00000164733","CTSB",NA,NA,10679.5714285714
"ENSG00000117984","CTSD",NA,NA,7661.11428571429
"ENSG00000196611","MMP1",NA,NA,1.82857142857143
"ENSG00000125538","IL1B",NA,NA,38.7142857142857
"ENSG00000129988","LBP",NA,NA,420.457142857143
"ENSG00000204291","COL15A1",NA,NA,7595.65714285714
"ENSG00000109072","VTN",NA,NA,25.3714285714286
"ENSG00000150093","ITGB1",NA,NA,15382.6
"ENSG00000198788","MUC2",NA,NA,3.05714285714286
"ENSG00000215182","MUC5AC",NA,NA,0.885714285714286
"ENSG00000185900","POMK",NA,NA,25.2571428571429
"ENSG00000151422","FER",NA,NA,421.942857142857
"ENSG00000140564","FURIN",NA,NA,2207.37142857143
"ENSG00000214960","CRPPA",NA,NA,100.657142857143
